-- phpMyAdmin SQL Dump
-- version 4.7.4
-- https://www.phpmyadmin.net/
--
-- Host: 127.0.0.1
-- Generation Time: Nov 04, 2018 at 06:42 PM
-- Server version: 10.1.28-MariaDB
-- PHP Version: 7.1.11

SET SQL_MODE = "NO_AUTO_VALUE_ON_ZERO";
SET AUTOCOMMIT = 0;
START TRANSACTION;
SET time_zone = "+00:00";


/*!40101 SET @OLD_CHARACTER_SET_CLIENT=@@CHARACTER_SET_CLIENT */;
/*!40101 SET @OLD_CHARACTER_SET_RESULTS=@@CHARACTER_SET_RESULTS */;
/*!40101 SET @OLD_COLLATION_CONNECTION=@@COLLATION_CONNECTION */;
/*!40101 SET NAMES utf8mb4 */;

--
-- Database: `reski`
--

-- --------------------------------------------------------

--
-- Table structure for table `migrations`
--

CREATE TABLE `migrations` (
  `id` int(10) UNSIGNED NOT NULL,
  `migration` varchar(191) COLLATE utf8mb4_unicode_ci NOT NULL,
  `batch` int(11) NOT NULL
) ENGINE=InnoDB DEFAULT CHARSET=utf8mb4 COLLATE=utf8mb4_unicode_ci;

--
-- Dumping data for table `migrations`
--

INSERT INTO `migrations` (`id`, `migration`, `batch`) VALUES
(1, '2014_10_12_000000_create_users_table', 1),
(2, '2014_10_12_100000_create_password_resets_table', 1),
(3, '2018_11_04_161640_create_products_table', 1),
(4, '2018_11_04_161743_create_reviews_table', 1);

-- --------------------------------------------------------

--
-- Table structure for table `password_resets`
--

CREATE TABLE `password_resets` (
  `email` varchar(191) COLLATE utf8mb4_unicode_ci NOT NULL,
  `token` varchar(191) COLLATE utf8mb4_unicode_ci NOT NULL,
  `created_at` timestamp NULL DEFAULT NULL
) ENGINE=InnoDB DEFAULT CHARSET=utf8mb4 COLLATE=utf8mb4_unicode_ci;

-- --------------------------------------------------------

--
-- Table structure for table `products`
--

CREATE TABLE `products` (
  `id` int(10) UNSIGNED NOT NULL,
  `name` varchar(191) COLLATE utf8mb4_unicode_ci NOT NULL,
  `detail` text COLLATE utf8mb4_unicode_ci NOT NULL,
  `price` int(11) NOT NULL,
  `stock` int(11) NOT NULL,
  `discount` int(11) NOT NULL,
  `created_at` timestamp NULL DEFAULT NULL,
  `updated_at` timestamp NULL DEFAULT NULL
) ENGINE=InnoDB DEFAULT CHARSET=utf8mb4 COLLATE=utf8mb4_unicode_ci;

--
-- Dumping data for table `products`
--

INSERT INTO `products` (`id`, `name`, `detail`, `price`, `stock`, `discount`, `created_at`, `updated_at`) VALUES
(1, 'placeat', 'Dolor dolores a dolorem iste quas expedita. Culpa qui sed velit molestiae. Necessitatibus totam vitae et id distinctio quisquam corporis doloremque. Consequuntur consectetur omnis sed. Aut quis ut illum accusamus ipsa optio sapiente sunt.', 314, 3, 29, '2018-11-04 09:39:54', '2018-11-04 09:39:54'),
(2, 'suscipit', 'Explicabo dolores veniam molestias sed reprehenderit deleniti. Perferendis iure possimus est provident. Maiores omnis esse iure qui.', 906, 5, 28, '2018-11-04 09:39:54', '2018-11-04 09:39:54'),
(3, 'totam', 'Beatae neque quaerat corporis nihil et. Error qui et perferendis nihil quia.', 788, 6, 13, '2018-11-04 09:39:54', '2018-11-04 09:39:54'),
(4, 'doloribus', 'Aliquam voluptatem sed similique et. Inventore magnam cum sint dolor culpa. Ratione quisquam sapiente nemo rerum odit sit. Voluptate enim soluta perspiciatis sunt porro officiis.', 651, 2, 24, '2018-11-04 09:39:54', '2018-11-04 09:39:54'),
(5, 'odit', 'Eum quia corporis eaque necessitatibus unde perspiciatis temporibus. Sapiente maiores est et saepe veniam commodi. Voluptatum vel unde totam. A vel eius magni nulla iusto quia voluptatem optio.', 432, 2, 25, '2018-11-04 09:39:54', '2018-11-04 09:39:54'),
(6, 'et', 'Qui sit repellat tenetur commodi ipsa corporis. Deserunt occaecati sequi natus impedit rerum occaecati. Libero iste qui possimus quia et aperiam. Ducimus sed id eos dignissimos et nam.', 217, 7, 8, '2018-11-04 09:39:54', '2018-11-04 09:39:54'),
(7, 'ex', 'Necessitatibus sapiente quia eligendi. Et ut voluptatem ut voluptatem nostrum et. Aut ipsum non ad fugiat quaerat.', 805, 3, 16, '2018-11-04 09:39:54', '2018-11-04 09:39:54'),
(8, 'optio', 'Adipisci nostrum adipisci eveniet ex culpa quas. Et ut reprehenderit ad et voluptates excepturi debitis.', 281, 5, 24, '2018-11-04 09:39:54', '2018-11-04 09:39:54'),
(9, 'excepturi', 'Ratione et ad molestiae soluta nemo consectetur. Delectus quibusdam sunt dolores debitis. Dolorem repellendus ratione est.', 870, 1, 27, '2018-11-04 09:39:54', '2018-11-04 09:39:54'),
(10, 'totam', 'Quidem est dolore in. Deleniti sit labore expedita dolor repellat qui quibusdam. Quis dolores illum ut nam doloribus quidem reiciendis.', 590, 5, 25, '2018-11-04 09:39:54', '2018-11-04 09:39:54'),
(11, 'voluptatibus', 'Voluptate molestiae quidem accusantium in quis dolorum numquam. Quisquam distinctio nesciunt ullam sint enim autem eos. Asperiores necessitatibus et nemo necessitatibus et.', 349, 2, 18, '2018-11-04 09:39:54', '2018-11-04 09:39:54'),
(12, 'porro', 'Et cumque est quam delectus dolorem. Omnis qui eligendi libero. Quo soluta quam placeat eligendi excepturi dolorum autem.', 560, 3, 18, '2018-11-04 09:39:54', '2018-11-04 09:39:54'),
(13, 'laudantium', 'Maiores consequuntur ut tempora deleniti quaerat impedit eius. Et itaque quod tempore et omnis. Veritatis sed et omnis inventore distinctio ullam dignissimos. Quibusdam quam odit aliquam quisquam.', 819, 5, 16, '2018-11-04 09:39:54', '2018-11-04 09:39:54'),
(14, 'et', 'Et similique nobis consequatur consequatur consequatur. Laborum perspiciatis quo rerum esse. Quasi voluptatem deserunt quibusdam est.', 344, 9, 15, '2018-11-04 09:39:54', '2018-11-04 09:39:54'),
(15, 'quisquam', 'Soluta est voluptas optio cum laudantium. Sint temporibus eveniet dolorum velit. Ex ab magnam qui perspiciatis voluptatum.', 719, 5, 3, '2018-11-04 09:39:54', '2018-11-04 09:39:54'),
(16, 'sit', 'Dolores reiciendis illo odit a quam itaque est. Ullam maxime quia inventore impedit rem est provident. Nam quisquam enim aut deserunt magni fugiat quidem. Praesentium ullam perferendis illo similique ex.', 176, 6, 19, '2018-11-04 09:39:54', '2018-11-04 09:39:54'),
(17, 'pariatur', 'Et sunt ipsum necessitatibus. Omnis velit labore magni aut quidem eum voluptatem. Quis aliquam nesciunt necessitatibus odio.', 404, 6, 17, '2018-11-04 09:39:54', '2018-11-04 09:39:54'),
(18, 'suscipit', 'Eum adipisci voluptas ipsa adipisci at. Maiores voluptate repellat officiis ratione. Ipsam expedita saepe deleniti ut reiciendis sed.', 827, 9, 4, '2018-11-04 09:39:54', '2018-11-04 09:39:54'),
(19, 'necessitatibus', 'Ratione fuga dicta eius tempora. Id enim eius quia dolores molestiae placeat quia. Facere natus voluptatem et iste sint. Accusantium odit harum dolores minima quae.', 235, 9, 28, '2018-11-04 09:39:54', '2018-11-04 09:39:54'),
(20, 'exercitationem', 'Qui harum animi dignissimos quo. Eveniet et culpa adipisci quidem delectus facilis eum facilis.', 995, 6, 20, '2018-11-04 09:39:54', '2018-11-04 09:39:54'),
(21, 'distinctio', 'Ea qui maiores ut sed qui. Qui reiciendis consequatur unde ab. Vel nostrum odio est nobis accusantium sapiente dolorum.', 131, 4, 11, '2018-11-04 09:39:54', '2018-11-04 09:39:54'),
(22, 'omnis', 'Fugiat aut corporis perspiciatis ut natus non. Pariatur ipsam fugiat accusantium beatae illum similique hic non. In adipisci molestiae dignissimos est officia. Nam officiis odio ratione quia velit et magnam. Eos eos eligendi sint quos facere.', 481, 2, 18, '2018-11-04 09:39:54', '2018-11-04 09:39:54'),
(23, 'voluptates', 'Eum quo explicabo veniam atque officiis corporis beatae. Tenetur nostrum magnam repellendus dolorem et.', 878, 3, 19, '2018-11-04 09:39:54', '2018-11-04 09:39:54'),
(24, 'sapiente', 'Ea et et deserunt ipsum voluptatum ea necessitatibus quasi. Quis est expedita quod qui in. Iure repellat non est delectus.', 696, 8, 26, '2018-11-04 09:39:54', '2018-11-04 09:39:54'),
(25, 'provident', 'Incidunt blanditiis voluptas minima vitae totam doloremque. Itaque non at in voluptas. Nemo autem quia corporis ullam sequi qui ea quos.', 674, 8, 5, '2018-11-04 09:39:54', '2018-11-04 09:39:54'),
(26, 'sit', 'Libero sit suscipit ullam suscipit aut delectus fugiat. Quidem debitis est error ut. Voluptates exercitationem laboriosam sunt ipsum.', 735, 1, 2, '2018-11-04 09:39:54', '2018-11-04 09:39:54'),
(27, 'vel', 'Molestias qui mollitia repudiandae non consequatur necessitatibus natus. Tempora tempore officia enim est fugit. Debitis ea odio commodi qui est deserunt facilis. Cupiditate nesciunt eos maxime quo nesciunt mollitia dolorum.', 419, 8, 26, '2018-11-04 09:39:54', '2018-11-04 09:39:54'),
(28, 'quos', 'Magnam illum eum reiciendis impedit illo. Sint ab nisi et et doloremque. Saepe consequatur voluptas qui perferendis. Suscipit rerum eos quisquam rerum.', 236, 4, 3, '2018-11-04 09:39:54', '2018-11-04 09:39:54'),
(29, 'et', 'Enim ex sit itaque et quam accusamus provident ipsum. Qui quo amet atque nisi ipsum deserunt. Occaecati laborum cupiditate ut atque. Inventore repudiandae odit dolore sed incidunt mollitia.', 943, 6, 28, '2018-11-04 09:39:54', '2018-11-04 09:39:54'),
(30, 'aut', 'Libero quia laboriosam aspernatur cumque quas sed. Sint voluptatem sequi nam.', 662, 9, 28, '2018-11-04 09:39:54', '2018-11-04 09:39:54'),
(31, 'ex', 'Eum voluptas aperiam et ut incidunt repudiandae. Quas beatae excepturi beatae. Ut earum velit provident nisi ea. Quia corporis omnis eos.', 641, 0, 2, '2018-11-04 09:39:54', '2018-11-04 09:39:54'),
(32, 'quia', 'Numquam aut commodi minima beatae rerum mollitia. Architecto atque praesentium quaerat commodi ut. Blanditiis dolor reiciendis magni quas.', 332, 1, 6, '2018-11-04 09:39:54', '2018-11-04 09:39:54'),
(33, 'beatae', 'Dolorem accusamus ut aperiam dolor velit. Illo numquam quod vel corrupti reprehenderit. Voluptatum odit et placeat suscipit optio aut expedita.', 934, 9, 10, '2018-11-04 09:39:54', '2018-11-04 09:39:54'),
(34, 'iste', 'Ut animi qui a voluptatem est. Autem quae nihil rerum nisi autem fuga. Non est in sunt in sit dolor. Mollitia vel mollitia impedit culpa consectetur esse voluptate expedita. Illo non incidunt adipisci itaque inventore.', 391, 4, 5, '2018-11-04 09:39:54', '2018-11-04 09:39:54'),
(35, 'est', 'Est dolor consequatur vel delectus et. Quaerat et minus id beatae quo ratione.', 759, 0, 10, '2018-11-04 09:39:54', '2018-11-04 09:39:54'),
(36, 'deleniti', 'Ea quia et quis delectus fugiat nesciunt. Minus assumenda cupiditate commodi officia ut minima. Voluptatem cumque aliquid nemo cupiditate omnis.', 603, 4, 2, '2018-11-04 09:39:54', '2018-11-04 09:39:54'),
(37, 'cupiditate', 'Id aperiam eligendi dicta nihil quibusdam et. Est sit eos quo eos aliquam. Qui commodi quidem voluptatem facere consequatur.', 636, 9, 7, '2018-11-04 09:39:54', '2018-11-04 09:39:54'),
(38, 'quidem', 'Distinctio ullam voluptatem eveniet tempore corporis. Rerum voluptatem id quae alias. Nulla quia natus voluptas occaecati repudiandae et velit.', 843, 0, 8, '2018-11-04 09:39:54', '2018-11-04 09:39:54'),
(39, 'magnam', 'Ea ab quibusdam accusamus in nihil. Vel temporibus quasi itaque ab modi eum mollitia.', 572, 4, 29, '2018-11-04 09:39:54', '2018-11-04 09:39:54'),
(40, 'aut', 'Architecto vero ea rerum. Aut consequatur labore aut quo ut cupiditate. Et maiores ut temporibus corrupti.', 368, 0, 13, '2018-11-04 09:39:54', '2018-11-04 09:39:54'),
(41, 'quae', 'Voluptate odio quia accusamus enim. Illum ut dolorum qui aut nam laboriosam. Quia incidunt incidunt consequatur commodi similique exercitationem. Omnis non quo in quidem doloremque voluptas quis exercitationem.', 737, 5, 8, '2018-11-04 09:39:54', '2018-11-04 09:39:54'),
(42, 'culpa', 'Ea incidunt quod repellat cumque. Nesciunt ratione rerum optio dolorem modi sequi recusandae. Aut vero nisi totam ratione quas. Soluta quasi similique omnis nostrum deserunt tempora possimus.', 881, 7, 14, '2018-11-04 09:39:54', '2018-11-04 09:39:54'),
(43, 'inventore', 'Nobis odio laboriosam et harum non non. Eos et repellendus et tempore veritatis. Voluptatem ex et corporis voluptatem voluptas cum sint. Optio voluptas minima exercitationem id similique totam.', 677, 9, 17, '2018-11-04 09:39:54', '2018-11-04 09:39:54'),
(44, 'quas', 'Accusamus ratione ut sit. Omnis eum beatae unde architecto. Autem dicta repudiandae iusto voluptatem pariatur qui laudantium. Debitis cum sequi voluptas voluptatem saepe placeat.', 540, 9, 13, '2018-11-04 09:39:54', '2018-11-04 09:39:54'),
(45, 'nobis', 'Aliquid quam omnis fugit dolores nemo minima. Hic excepturi illo temporibus. Delectus soluta consequatur eligendi molestiae.', 686, 3, 7, '2018-11-04 09:39:54', '2018-11-04 09:39:54'),
(46, 'quos', 'Voluptas blanditiis magnam est voluptates aut. Omnis quae laudantium minima eligendi veniam beatae. Exercitationem et quas laborum repellendus ratione eius praesentium.', 383, 7, 16, '2018-11-04 09:39:54', '2018-11-04 09:39:54'),
(47, 'consequatur', 'Aperiam minima alias exercitationem perspiciatis perspiciatis. Ut at praesentium possimus consequatur est natus incidunt. Accusamus et maxime exercitationem eligendi. Officiis tenetur voluptatem occaecati reiciendis temporibus officia quos voluptatem.', 756, 5, 4, '2018-11-04 09:39:54', '2018-11-04 09:39:54'),
(48, 'nemo', 'Dolorem qui facilis quia necessitatibus enim iste. Et sed ut ut aut et. Ipsam quae sit in consectetur pariatur eum.', 816, 2, 19, '2018-11-04 09:39:54', '2018-11-04 09:39:54'),
(49, 'veniam', 'Nam qui et id enim dolorem cum. Dolorum pariatur exercitationem praesentium odio commodi doloribus quasi. Aut quaerat debitis ducimus laborum minus voluptatem ea. Aut nihil quia in ea perferendis odit sit doloremque.', 248, 8, 5, '2018-11-04 09:39:54', '2018-11-04 09:39:54'),
(50, 'illo', 'Sed corrupti non eius vero animi. Facere est impedit iusto non ut quis excepturi. Consequatur eaque temporibus fugit ut ipsam.', 191, 1, 20, '2018-11-04 09:39:54', '2018-11-04 09:39:54');

-- --------------------------------------------------------

--
-- Table structure for table `reviews`
--

CREATE TABLE `reviews` (
  `id` int(10) UNSIGNED NOT NULL,
  `product_id` int(10) UNSIGNED NOT NULL,
  `customer` varchar(191) COLLATE utf8mb4_unicode_ci NOT NULL,
  `review` text COLLATE utf8mb4_unicode_ci NOT NULL,
  `star` int(11) NOT NULL,
  `created_at` timestamp NULL DEFAULT NULL,
  `updated_at` timestamp NULL DEFAULT NULL
) ENGINE=InnoDB DEFAULT CHARSET=utf8mb4 COLLATE=utf8mb4_unicode_ci;

--
-- Dumping data for table `reviews`
--

INSERT INTO `reviews` (`id`, `product_id`, `customer`, `review`, `star`, `created_at`, `updated_at`) VALUES
(1, 1, 'Bradford Funk I', 'Sequi enim architecto omnis dolores adipisci voluptas. Consectetur sunt possimus in aspernatur numquam ex. Maxime minus possimus qui sunt.', 5, '2018-11-04 09:39:54', '2018-11-04 09:39:54'),
(2, 24, 'Jabari Block III', 'Est tempora magni at ullam voluptatem quis ipsam aut. Provident perspiciatis quia dicta repellat omnis explicabo. Vel dolorem nihil dolore.', 2, '2018-11-04 09:39:54', '2018-11-04 09:39:54'),
(3, 31, 'Valentin Schroeder', 'Neque nemo ea necessitatibus molestiae aut natus non. Amet nemo non voluptas vel repellat est. Qui non est eos sed enim enim et perferendis. Aut et et animi consequatur illum voluptate fuga.', 3, '2018-11-04 09:39:54', '2018-11-04 09:39:54'),
(4, 33, 'Dr. Bryon Wehner', 'Incidunt deleniti consequuntur assumenda inventore aliquam corrupti. Dolores aliquid earum ullam eaque quaerat esse. Aut quo libero ex in placeat earum. Est sit excepturi laudantium voluptas.', 5, '2018-11-04 09:39:54', '2018-11-04 09:39:54'),
(5, 23, 'Dangelo Torphy I', 'Nisi architecto consequuntur atque aperiam eligendi enim. Ab et qui cumque omnis. Fugiat architecto veniam laboriosam autem omnis. Laborum atque eum aut voluptatum facere vitae.', 4, '2018-11-04 09:39:54', '2018-11-04 09:39:54'),
(6, 12, 'Dr. Bradley Bruen II', 'Cum qui sunt tempore quibusdam commodi. Voluptas perspiciatis occaecati est saepe enim fugit eum. Ipsam sit facilis qui dolor.', 0, '2018-11-04 09:39:54', '2018-11-04 09:39:54'),
(7, 36, 'Rowland Zieme', 'Cum enim ducimus magni vel aut atque laborum. Reiciendis blanditiis voluptas similique sequi officiis. Qui nulla quis a.', 0, '2018-11-04 09:39:54', '2018-11-04 09:39:54'),
(8, 7, 'Dr. Clarissa McClure I', 'Ut voluptatibus accusamus minima exercitationem explicabo harum. Occaecati architecto architecto sit omnis maxime est. Voluptas qui ut harum.', 1, '2018-11-04 09:39:54', '2018-11-04 09:39:54'),
(9, 15, 'Jacinto Weber', 'Dicta dolores nobis in laborum. Sunt molestias id ut qui. Nulla quos quia mollitia sed et possimus est placeat.', 5, '2018-11-04 09:39:54', '2018-11-04 09:39:54'),
(10, 4, 'Baylee Bahringer I', 'Cumque omnis et tempora ea ea et distinctio. Saepe ducimus dolorem quo autem necessitatibus et.', 1, '2018-11-04 09:39:54', '2018-11-04 09:39:54'),
(11, 30, 'Mr. Sammy Jacobs', 'Cum maxime qui ducimus rerum. Et et consequatur recusandae autem. Libero non voluptatem sunt minima ullam exercitationem. Ea itaque quis ex sunt accusantium.', 5, '2018-11-04 09:39:54', '2018-11-04 09:39:54'),
(12, 15, 'Jordon Wunsch', 'Maxime illum modi occaecati at iure. Veritatis quo quasi itaque expedita minima voluptatem odio. Voluptatem voluptas eos voluptatibus deleniti alias.', 5, '2018-11-04 09:39:54', '2018-11-04 09:39:54'),
(13, 37, 'Dr. Uriah Nikolaus', 'Est aut neque et placeat sed qui quia. Magni et ipsum laboriosam nihil. Sequi accusamus non autem est. Ea natus sunt sit ipsam odio numquam laboriosam.', 1, '2018-11-04 09:39:54', '2018-11-04 09:39:54'),
(14, 12, 'Pamela Willms', 'Ut architecto cumque molestiae molestiae libero error natus. Et repellendus maiores veniam quaerat et et voluptatem aut. Voluptas asperiores magni doloremque. Ut sit dolores veniam ut.', 4, '2018-11-04 09:39:54', '2018-11-04 09:39:54'),
(15, 38, 'Lavina Kuhlman MD', 'Ut assumenda enim consequuntur debitis dolorem repudiandae. Et occaecati distinctio mollitia itaque exercitationem aut. Quia hic aliquid esse similique ad iusto. Dolorem ex sint doloribus est molestiae et quo.', 5, '2018-11-04 09:39:54', '2018-11-04 09:39:54'),
(16, 25, 'Giovani Johnson', 'Et sit exercitationem quam expedita voluptatem reprehenderit. Dignissimos reprehenderit et et autem tempora quos. Magni laudantium accusamus quo laborum sunt. Deserunt numquam consequuntur id quidem est adipisci voluptatem.', 4, '2018-11-04 09:39:54', '2018-11-04 09:39:54'),
(17, 9, 'Marvin Wiegand', 'Aut ullam aut delectus aut ex distinctio. Eveniet et natus placeat consequatur amet. Excepturi aspernatur veniam est est repellendus.', 0, '2018-11-04 09:39:54', '2018-11-04 09:39:54'),
(18, 45, 'Theo Stokes', 'Aliquid animi molestiae doloribus. Facilis aut nostrum harum consequatur. Ea eos quasi reprehenderit. Magni et id sint.', 0, '2018-11-04 09:39:54', '2018-11-04 09:39:54'),
(19, 38, 'Webster Skiles I', 'Tenetur quia maiores numquam eos. Magnam nobis commodi impedit impedit quisquam et. Est tempore odio libero qui nostrum quisquam reiciendis. Adipisci ut perferendis qui sit qui.', 5, '2018-11-04 09:39:54', '2018-11-04 09:39:54'),
(20, 33, 'Lempi Kling', 'Accusantium tempore nesciunt dolor maiores ut et voluptatibus. Nesciunt modi veniam molestias sed. Ut eligendi illum maxime ab veniam iusto. Porro nam et et.', 1, '2018-11-04 09:39:54', '2018-11-04 09:39:54'),
(21, 5, 'Myra Hamill', 'Fugiat numquam est laborum aut. Nam eius et doloremque omnis repellat.', 2, '2018-11-04 09:39:54', '2018-11-04 09:39:54'),
(22, 20, 'Felix Leannon', 'Occaecati harum neque voluptates facilis quos corrupti. Laboriosam consectetur enim adipisci voluptas voluptatum sed. Voluptatibus consequuntur quas sit quo.', 4, '2018-11-04 09:39:54', '2018-11-04 09:39:54'),
(23, 22, 'Eriberto Kohler', 'Magnam ut qui aspernatur repudiandae. Officia laboriosam magnam soluta. Alias et ut commodi earum sapiente numquam distinctio. Doloribus quos aut fuga nemo ea animi facere aliquam.', 5, '2018-11-04 09:39:54', '2018-11-04 09:39:54'),
(24, 35, 'Edna Wolf', 'Sint cupiditate tenetur sunt voluptatem mollitia neque. Delectus dolorem dolor voluptas eos ut minima. Expedita sunt ex quam. Et tempora officiis aut explicabo est at quos.', 4, '2018-11-04 09:39:54', '2018-11-04 09:39:54'),
(25, 44, 'Curtis Wilderman', 'Quibusdam porro quia voluptas ut nihil autem. Distinctio maiores facere consequatur sunt doloribus tempora repellat. Blanditiis et vel consequuntur harum consequatur qui corporis.', 0, '2018-11-04 09:39:54', '2018-11-04 09:39:54'),
(26, 41, 'Manuel Hermann', 'Qui quae aut enim temporibus veniam ut beatae. Deleniti magni repellendus cumque perferendis et ratione deleniti. Libero eos impedit adipisci aut.', 0, '2018-11-04 09:39:54', '2018-11-04 09:39:54'),
(27, 32, 'Rosendo Nicolas', 'Assumenda ad maxime placeat quia velit at. Nostrum eius qui non impedit quidem qui aut. Placeat molestiae delectus sint. Earum est incidunt deleniti velit.', 5, '2018-11-04 09:39:54', '2018-11-04 09:39:54'),
(28, 41, 'Rossie Purdy', 'Blanditiis expedita earum nihil dolorem autem veritatis. Quia sed tempore in corporis voluptatum ratione. Non harum quae numquam nulla quidem. Qui porro placeat sit quia voluptas occaecati repellat.', 2, '2018-11-04 09:39:54', '2018-11-04 09:39:54'),
(29, 46, 'Mckenzie Marvin', 'Nemo impedit consequuntur dolor vero ut harum vitae. Qui autem qui labore ut maxime.', 2, '2018-11-04 09:39:54', '2018-11-04 09:39:54'),
(30, 34, 'Gladys Jones', 'Sint eveniet asperiores cum laudantium. Voluptatum voluptatibus voluptatibus quibusdam minima laboriosam ea labore porro.', 5, '2018-11-04 09:39:54', '2018-11-04 09:39:54'),
(31, 1, 'Keshaun Hessel', 'Libero optio ratione maiores. Eveniet tempore nam architecto voluptas. Nemo sint ex dignissimos maiores totam. Quasi repellendus id quia.', 5, '2018-11-04 09:39:54', '2018-11-04 09:39:54'),
(32, 35, 'Miss Malinda Labadie', 'Consequatur nihil qui voluptatibus tempora vitae aut. Rem voluptatum ducimus quia culpa voluptatem sint harum inventore. Omnis nisi explicabo dolores rerum omnis qui excepturi. Et inventore iusto harum sit blanditiis et fugiat id.', 2, '2018-11-04 09:39:54', '2018-11-04 09:39:54'),
(33, 37, 'Abdullah Hansen III', 'Magnam reprehenderit accusantium eius aspernatur ullam quos ipsam. Dolores ipsa omnis qui ex aut. Excepturi minus mollitia dolorem sit et consectetur. Ut nulla nostrum molestiae numquam hic quasi voluptatem.', 2, '2018-11-04 09:39:54', '2018-11-04 09:39:54'),
(34, 18, 'Shanel Lubowitz', 'At debitis et molestiae excepturi. Eius reiciendis hic delectus molestiae blanditiis. Aut quia accusamus qui consectetur error nemo.', 5, '2018-11-04 09:39:54', '2018-11-04 09:39:54'),
(35, 16, 'Taryn Herman', 'Tempora libero iste quis ut minima. Expedita fugiat repellat porro quidem et et qui. Sequi neque quis molestias aperiam. Dolore id et earum sed repellendus dolor amet.', 5, '2018-11-04 09:39:54', '2018-11-04 09:39:54'),
(36, 48, 'Prof. Margie Terry DVM', 'Ut quia consequatur harum nisi. Expedita vel libero nemo necessitatibus numquam neque est. Sit voluptatibus voluptas animi autem et molestiae debitis.', 1, '2018-11-04 09:39:54', '2018-11-04 09:39:54'),
(37, 27, 'Ardith Ziemann Jr.', 'Rerum explicabo nihil distinctio et ut rerum. Sed voluptatem unde autem eos tempora quia. Velit adipisci et sit ipsam saepe qui rerum.', 3, '2018-11-04 09:39:54', '2018-11-04 09:39:54'),
(38, 40, 'Dr. Floy Mills', 'Pariatur dolores sed quibusdam omnis. Illum voluptatibus quod similique autem quas et. Corrupti corrupti sapiente totam labore sapiente vel porro possimus. Labore exercitationem vero accusamus alias dolor laboriosam perferendis.', 5, '2018-11-04 09:39:54', '2018-11-04 09:39:54'),
(39, 42, 'Domenick Farrell IV', 'Itaque et corporis minus excepturi molestias. Qui nostrum sapiente expedita tempore quaerat doloribus sit exercitationem. Et aut et ipsum nulla quis voluptatem ut. Voluptatem magnam similique ullam voluptates ullam non.', 0, '2018-11-04 09:39:54', '2018-11-04 09:39:54'),
(40, 38, 'Okey Treutel', 'Ipsam esse molestias voluptatem iure. Alias veniam libero aut minus. Alias ad enim voluptate repellat est.', 4, '2018-11-04 09:39:54', '2018-11-04 09:39:54'),
(41, 28, 'Garland Dicki DDS', 'Minus corporis laborum non placeat reiciendis debitis consequatur porro. Quia omnis dolorem vel quam. Adipisci esse vero laboriosam doloremque et.', 0, '2018-11-04 09:39:54', '2018-11-04 09:39:54'),
(42, 10, 'Prof. Herta Hayes IV', 'Ratione quae esse debitis maiores. Repellat molestias saepe blanditiis rerum quia temporibus illum porro. Eum maxime a error molestiae laborum est impedit velit. Enim qui dignissimos amet aut corrupti ullam voluptatum.', 3, '2018-11-04 09:39:54', '2018-11-04 09:39:54'),
(43, 27, 'Jailyn Dare', 'Perferendis sequi consequuntur maxime amet ut earum. Nihil numquam quis asperiores qui rerum. Debitis porro provident eligendi. Assumenda alias quo maiores animi nulla.', 5, '2018-11-04 09:39:54', '2018-11-04 09:39:54'),
(44, 21, 'Odell Renner', 'Aut quis qui explicabo vitae corrupti est in laboriosam. Laudantium et consequuntur ut dolorem ut debitis sunt. Corporis error voluptatem maxime vel quos.', 3, '2018-11-04 09:39:54', '2018-11-04 09:39:54'),
(45, 11, 'Herta Nikolaus', 'Quia quasi tempora laboriosam aperiam. Itaque unde ullam id. Nihil consequatur modi aut tempora dolorem in. Molestias et quas ullam debitis pariatur expedita debitis.', 0, '2018-11-04 09:39:54', '2018-11-04 09:39:54'),
(46, 30, 'Dr. Elsa O\'Conner', 'Nihil id voluptatem quaerat ea hic ratione. Quasi quo labore ut quaerat reprehenderit numquam. Sunt et enim quidem deleniti et.', 0, '2018-11-04 09:39:54', '2018-11-04 09:39:54'),
(47, 26, 'Dr. Rodrigo Satterfield IV', 'Assumenda eveniet sed minus explicabo quaerat esse. Quibusdam repellat quia excepturi. Quis perferendis consequatur ut cupiditate maxime nesciunt. Voluptatem qui et minima aliquid consequatur dolores. Quam est porro ex dolorem in.', 2, '2018-11-04 09:39:54', '2018-11-04 09:39:54'),
(48, 4, 'Mrs. Dorothea Gottlieb', 'Et qui adipisci in corporis velit et sapiente. Et facilis consectetur veniam voluptatum.', 0, '2018-11-04 09:39:54', '2018-11-04 09:39:54'),
(49, 10, 'Mrs. Margret Turcotte IV', 'Incidunt officiis architecto et ut velit sed dolor. Ad quas voluptatem ut explicabo cupiditate odio. Enim occaecati quia nemo possimus illum recusandae voluptas.', 1, '2018-11-04 09:39:54', '2018-11-04 09:39:54'),
(50, 40, 'Greta Cummings', 'Soluta magni dolores autem velit tempore. Perspiciatis possimus necessitatibus iusto facilis necessitatibus est aut incidunt. Vel sed provident dolore explicabo molestiae voluptas voluptatem. Facere rerum qui praesentium provident molestias ex cum voluptate.', 0, '2018-11-04 09:39:54', '2018-11-04 09:39:54'),
(51, 33, 'Dr. Imogene Gislason DVM', 'Id perspiciatis nostrum et rerum itaque consequatur. Optio dolore fuga est recusandae perspiciatis. Sed quos consequatur fugit blanditiis voluptas at. Qui recusandae suscipit aut officia sint ea. Est fugiat porro iure aliquid tenetur repellendus.', 1, '2018-11-04 09:39:54', '2018-11-04 09:39:54'),
(52, 47, 'Destinee Nicolas', 'Neque ullam architecto assumenda at. Modi qui aut ea aut totam accusantium. Aut laborum quis aut quos iusto.', 5, '2018-11-04 09:39:54', '2018-11-04 09:39:54'),
(53, 22, 'Abby Boehm', 'Tempore dolor quia sint. Voluptas qui repellendus vel. Ad qui qui ut sapiente molestias sit.', 5, '2018-11-04 09:39:54', '2018-11-04 09:39:54'),
(54, 49, 'Freddy Spinka V', 'Error unde tempore quo deserunt modi totam facere. Ipsum error minima voluptatem hic. Debitis ut molestiae dicta est modi laudantium vel eos. Porro aut aut culpa magni officia maiores mollitia.', 3, '2018-11-04 09:39:54', '2018-11-04 09:39:54'),
(55, 49, 'Prof. Sandra Willms', 'Voluptate iusto ut non sit quam necessitatibus. Earum itaque sit nemo fuga. Perspiciatis id enim quo non ut eos cumque libero.', 3, '2018-11-04 09:39:54', '2018-11-04 09:39:54'),
(56, 49, 'Baron Miller', 'Pariatur sapiente voluptatem iste dolore minima eum perspiciatis et. Id rerum itaque sit tempora ut veritatis. Magnam accusantium distinctio iusto rerum non esse qui deserunt. Et illo rem sunt.', 3, '2018-11-04 09:39:54', '2018-11-04 09:39:54'),
(57, 38, 'Harvey Gusikowski', 'Quia rerum sint necessitatibus nobis dolorem. Ullam enim autem nobis sed velit earum. Mollitia odit nihil quisquam cum velit ut.', 2, '2018-11-04 09:39:54', '2018-11-04 09:39:54'),
(58, 47, 'Kristofer Reichel', 'Et dolor iure pariatur magnam animi eligendi corporis. Deserunt et dolor facere odit qui quas earum. Officia nihil dolores omnis.', 3, '2018-11-04 09:39:54', '2018-11-04 09:39:54'),
(59, 23, 'Eileen McLaughlin IV', 'Molestiae rerum autem explicabo aut odit accusamus minima veniam. Accusamus accusantium impedit hic voluptates similique. Rerum amet illo voluptas qui voluptatem.', 2, '2018-11-04 09:39:54', '2018-11-04 09:39:54'),
(60, 28, 'Jakob Runte', 'Sunt sit dolores incidunt recusandae ipsam voluptas a veritatis. Qui beatae aut facilis eius reprehenderit maxime eius. Minima repudiandae aut dignissimos nam. Repudiandae iure tempora minus reprehenderit ea beatae nemo.', 4, '2018-11-04 09:39:54', '2018-11-04 09:39:54'),
(61, 27, 'Kory Schuppe Jr.', 'Nobis sed ad tenetur aut et tempore. Velit quas enim quis eum voluptatibus voluptates. Dolores laudantium libero sit.', 4, '2018-11-04 09:39:54', '2018-11-04 09:39:54'),
(62, 36, 'Dr. Kyla Schinner', 'Nemo ea labore beatae. Voluptatum eos accusantium voluptas. Odit aspernatur est perferendis voluptatem id ut ex. Minus qui cupiditate maiores id.', 4, '2018-11-04 09:39:54', '2018-11-04 09:39:54'),
(63, 9, 'Vicenta O\'Kon V', 'Sunt magni neque adipisci aut illo. A tenetur dolore magni placeat reprehenderit sint omnis sequi. Dolorem qui dolores et. Est saepe laudantium ipsam sapiente.', 4, '2018-11-04 09:39:54', '2018-11-04 09:39:54'),
(64, 9, 'Guadalupe Koss', 'Et autem non alias corporis est et libero. Laborum alias odio perspiciatis pariatur blanditiis adipisci. In aut pariatur iusto et. Odio sed similique nulla.', 4, '2018-11-04 09:39:54', '2018-11-04 09:39:54'),
(65, 2, 'Dr. Norris Armstrong', 'Aut numquam expedita est non. Et veritatis eos itaque incidunt maiores. Repudiandae est ratione autem velit. Cum ut consequatur aut.', 2, '2018-11-04 09:39:54', '2018-11-04 09:39:54'),
(66, 30, 'Kitty Cole MD', 'Accusantium possimus amet atque reprehenderit nisi. Consequuntur corporis earum quae facere. Hic possimus architecto consequatur odio adipisci.', 4, '2018-11-04 09:39:54', '2018-11-04 09:39:54'),
(67, 7, 'Kailyn Marquardt Sr.', 'Non cum rem cumque. Reprehenderit a dicta consequatur ut eaque sit. Aliquid qui quo quo dolor consequuntur. Quam quaerat reiciendis explicabo quis culpa sed.', 2, '2018-11-04 09:39:54', '2018-11-04 09:39:54'),
(68, 26, 'Graciela Monahan DDS', 'Nihil perferendis in soluta assumenda corporis mollitia. Voluptatibus eum dicta adipisci ex. Non quo eum porro at expedita sapiente.', 3, '2018-11-04 09:39:54', '2018-11-04 09:39:54'),
(69, 9, 'Jed Stehr', 'Possimus dicta ut velit quis. Mollitia neque qui nostrum accusamus rem consequuntur eaque. Cumque ipsa in amet.', 4, '2018-11-04 09:39:54', '2018-11-04 09:39:54'),
(70, 36, 'Van Russel', 'Optio voluptatem doloribus maiores suscipit fugiat. Minima sed vero deleniti dolores ullam est ab.', 0, '2018-11-04 09:39:54', '2018-11-04 09:39:54'),
(71, 46, 'Maryam Collier', 'Eaque est aut non sunt. Expedita qui et sit sint. Quo consequatur et suscipit quia sed veritatis nobis. Totam odit non voluptatum distinctio esse et sit vitae.', 2, '2018-11-04 09:39:54', '2018-11-04 09:39:54'),
(72, 43, 'Edison Kutch', 'Adipisci molestiae modi laudantium adipisci quia consequatur porro qui. Reiciendis vel aut est velit. Dolores voluptate dolor et repellendus ea praesentium autem.', 3, '2018-11-04 09:39:54', '2018-11-04 09:39:54'),
(73, 43, 'Prof. Karley Nienow', 'Repudiandae vitae sequi et reprehenderit aut. Aut sit quia ipsa quo inventore aspernatur. Reprehenderit quae facere non. Quos et rem omnis.', 1, '2018-11-04 09:39:54', '2018-11-04 09:39:54'),
(74, 48, 'Dr. Josefa Ledner DVM', 'Quaerat est quae at excepturi cupiditate. Omnis qui et soluta fugit. Ipsa eos ab totam aut autem omnis doloremque ut. Tempora ut voluptatum ducimus pariatur quis assumenda dolorem.', 3, '2018-11-04 09:39:54', '2018-11-04 09:39:54'),
(75, 17, 'Oran Kling', 'Delectus amet maxime sed non. Rerum cupiditate labore a voluptatem pariatur amet autem ab. Porro vero reprehenderit porro eum quia quidem aut. Nobis totam rem ipsa velit eaque veniam dolor.', 0, '2018-11-04 09:39:54', '2018-11-04 09:39:54'),
(76, 22, 'Dorcas Marvin', 'Qui unde exercitationem labore qui. Placeat et provident laboriosam et repudiandae illo repellendus recusandae.', 1, '2018-11-04 09:39:54', '2018-11-04 09:39:54'),
(77, 10, 'Alysa Langworth', 'Deleniti nobis aut et mollitia. Dolorem magni omnis qui ut et. Amet optio consequatur perferendis voluptas minus delectus.', 3, '2018-11-04 09:39:54', '2018-11-04 09:39:54'),
(78, 15, 'Patrick Hartmann', 'Corporis dicta consequatur repellat quia consequatur molestiae. Illo quam officia vel qui explicabo. Asperiores nihil eos eveniet enim. Maiores culpa numquam rerum alias quidem consequatur nam deleniti.', 2, '2018-11-04 09:39:54', '2018-11-04 09:39:54'),
(79, 46, 'Ms. Roslyn Ortiz', 'Dicta voluptatem similique dolore. Velit aliquid quasi dicta sunt officia cumque tenetur. Deserunt sapiente est ad tempora.', 1, '2018-11-04 09:39:54', '2018-11-04 09:39:54'),
(80, 38, 'Neal Boyle', 'Qui aspernatur consequuntur harum sequi est exercitationem omnis earum. Commodi doloribus nulla ut quam sunt vitae accusamus. Quas repellat dolorem qui et. Velit ut mollitia qui totam quia.', 2, '2018-11-04 09:39:54', '2018-11-04 09:39:54'),
(81, 14, 'Libby Parker', 'Sit necessitatibus labore accusantium libero tempora. Perferendis et quia odio.', 5, '2018-11-04 09:39:54', '2018-11-04 09:39:54'),
(82, 10, 'Dario Bruen', 'Accusamus iusto voluptatum non odio rerum nesciunt magnam deleniti. Quidem consequatur quibusdam eaque sapiente ipsa. Culpa nihil nemo iste maiores quidem aliquid. Voluptas rerum dicta similique eos eum enim nulla.', 5, '2018-11-04 09:39:54', '2018-11-04 09:39:54'),
(83, 20, 'Merl Gorczany Sr.', 'Nihil minus doloremque repellat dolores cum. Exercitationem ex totam voluptates sed et vel sed. Est ut ad dolore.', 1, '2018-11-04 09:39:54', '2018-11-04 09:39:54'),
(84, 42, 'Prof. Samanta Mante PhD', 'Deserunt explicabo perspiciatis autem qui quo magnam officiis. Consequuntur vel blanditiis perferendis eaque eos debitis.', 4, '2018-11-04 09:39:54', '2018-11-04 09:39:54'),
(85, 49, 'Mr. Theo McDermott', 'Magni esse et voluptates excepturi eum. Aspernatur ducimus tempora dolore est. Reprehenderit molestiae et voluptatem. Laboriosam dicta voluptatem dolores eum.', 2, '2018-11-04 09:39:54', '2018-11-04 09:39:54'),
(86, 32, 'Prof. Keagan Lindgren', 'Ut ut laboriosam est non. Quaerat minus dolorem vel suscipit. Eum ut minima consequatur eaque exercitationem laudantium sed porro.', 4, '2018-11-04 09:39:54', '2018-11-04 09:39:54'),
(87, 50, 'Jakob Prohaska', 'Et occaecati ut doloribus quasi blanditiis cupiditate delectus. Distinctio est dolores deserunt. Nulla et facilis ratione ad. Hic nobis qui voluptatibus deleniti accusamus.', 4, '2018-11-04 09:39:54', '2018-11-04 09:39:54'),
(88, 35, 'Katelin Harris', 'Ullam aliquid nobis voluptatem vel iure dolore expedita. Quibusdam et deleniti unde. Impedit error veritatis aspernatur impedit.', 5, '2018-11-04 09:39:54', '2018-11-04 09:39:54'),
(89, 6, 'Dr. Litzy Erdman', 'Et sunt ut quod dolor officia et. Debitis aut autem at a autem quo corrupti. Delectus laboriosam dignissimos nisi accusamus amet eum natus ea.', 2, '2018-11-04 09:39:54', '2018-11-04 09:39:54'),
(90, 6, 'Gillian Bosco', 'Aliquam dolorem soluta cum maxime rem laboriosam nulla. Odio quaerat et corporis adipisci corporis dolore.', 3, '2018-11-04 09:39:54', '2018-11-04 09:39:54'),
(91, 18, 'Kaylin Murazik', 'Fugiat velit quasi ea sint consequatur et. Maiores aliquam minima dolorem molestias eos. Eum illum saepe deserunt nemo eos quia nihil. Qui voluptas consequatur veniam dignissimos sit voluptate.', 4, '2018-11-04 09:39:54', '2018-11-04 09:39:54'),
(92, 5, 'Reyes Hill', 'Magni quisquam accusantium ipsam architecto. Rem quisquam quibusdam sint corporis tempore aut. Dolores omnis quae qui. Quas et alias doloribus eum perferendis et. Distinctio labore quis tenetur ut.', 3, '2018-11-04 09:39:54', '2018-11-04 09:39:54'),
(93, 19, 'Blair Wunsch', 'Aut pariatur laborum consectetur. Vel cum sunt error omnis libero. Laborum corporis laudantium rerum cupiditate. Quo ea sequi explicabo et est commodi.', 5, '2018-11-04 09:39:54', '2018-11-04 09:39:54'),
(94, 43, 'Mrs. Luella Farrell', 'Ducimus est ipsam voluptatem consequatur est velit. Suscipit fugiat cumque ea labore placeat sint est quibusdam. In natus quia dolorum tempora labore dolores. Eum ratione sunt molestiae temporibus.', 4, '2018-11-04 09:39:54', '2018-11-04 09:39:54'),
(95, 3, 'Westley Bode', 'Vitae repudiandae amet magnam ut. Dicta maxime ea praesentium error. Ut nihil odio sunt fuga laudantium dolorem ipsum.', 0, '2018-11-04 09:39:54', '2018-11-04 09:39:54'),
(96, 4, 'Webster Schmidt', 'Iste impedit mollitia ea aut iure. Aut sed est omnis ad quo. Aut consequatur numquam alias explicabo natus quas non. Minus voluptate aut voluptas est. Ut minus deleniti et doloribus autem dolores.', 5, '2018-11-04 09:39:54', '2018-11-04 09:39:54'),
(97, 13, 'Raven Hand', 'Porro dolore eius nisi eos tempora esse. Placeat aut voluptate molestiae repudiandae eum ut modi. Veritatis distinctio quis suscipit perspiciatis ex. Ipsum iure ut sed accusantium repudiandae.', 4, '2018-11-04 09:39:54', '2018-11-04 09:39:54'),
(98, 15, 'Mr. Furman Kuhlman', 'Itaque debitis animi et id voluptatem aut odio qui. Similique soluta optio nisi possimus nobis. Labore modi commodi dolores eum fugiat. Ea porro dignissimos qui debitis porro unde.', 4, '2018-11-04 09:39:54', '2018-11-04 09:39:54'),
(99, 45, 'Whitney Prohaska MD', 'Explicabo necessitatibus ea quasi blanditiis. Et alias in ut qui doloribus. Porro eos numquam dolorem. Inventore totam magnam aut est tempora eligendi dolor repudiandae.', 1, '2018-11-04 09:39:54', '2018-11-04 09:39:54'),
(100, 15, 'Pascale Schroeder', 'Corrupti excepturi officiis doloremque fugit exercitationem. Reiciendis qui quis aut aspernatur totam quis. Ipsa repudiandae deserunt tempora aut aut.', 2, '2018-11-04 09:39:54', '2018-11-04 09:39:54'),
(101, 19, 'Austen Bergnaum', 'Saepe molestiae consequatur voluptatem deleniti quis consequatur optio velit. Sit eum dolor molestiae in eum et. Sed optio cumque saepe provident qui. Aut sunt consectetur officiis architecto.', 0, '2018-11-04 09:39:54', '2018-11-04 09:39:54'),
(102, 44, 'Miss Crystal Haag', 'Quia laboriosam officiis ex dolor dolorem omnis perspiciatis. Recusandae nesciunt officia quia odit quae tenetur nihil. Maxime dicta ea recusandae dolorem eveniet. Eum dicta recusandae voluptatem.', 3, '2018-11-04 09:39:54', '2018-11-04 09:39:54'),
(103, 9, 'Casey Daniel DVM', 'Aut mollitia quasi et vitae aut dolorem rerum. Eligendi et ut et totam aliquid. Eos et consequatur aut eos.', 1, '2018-11-04 09:39:54', '2018-11-04 09:39:54'),
(104, 29, 'Alberta Davis V', 'Modi fugiat doloribus non quis quisquam. Sapiente sit quia quis non. In perspiciatis sint architecto aperiam dolor et illum. Dolores laudantium veniam deserunt corrupti qui qui.', 1, '2018-11-04 09:39:54', '2018-11-04 09:39:54'),
(105, 33, 'Miss Marion Mills', 'Non ipsum asperiores ut est. Dicta exercitationem ducimus et qui in consequuntur totam. Est minus voluptatibus sint cum exercitationem. Dolore doloribus voluptatem dicta velit illum libero.', 4, '2018-11-04 09:39:54', '2018-11-04 09:39:54'),
(106, 35, 'Prof. Fae O\'Conner', 'Fuga praesentium et ipsum inventore omnis. Laboriosam nulla tempore modi officiis eligendi incidunt.', 1, '2018-11-04 09:39:54', '2018-11-04 09:39:54'),
(107, 7, 'Esperanza O\'Conner', 'Velit repellendus officia ut quia laborum dolore. Quidem omnis quos et fugit earum aliquid suscipit. Illum magni enim enim excepturi at qui eligendi quod. Nisi in reiciendis quas corporis.', 2, '2018-11-04 09:39:54', '2018-11-04 09:39:54'),
(108, 8, 'Rusty Gleason II', 'Eaque et omnis voluptatem corrupti vel. Aspernatur suscipit laudantium unde cupiditate qui voluptatum iste. Assumenda est dolores nisi quia ullam eos.', 4, '2018-11-04 09:39:54', '2018-11-04 09:39:54'),
(109, 32, 'Elvera Sawayn', 'Expedita qui nisi doloribus animi expedita eos. Iure omnis cupiditate qui aut at voluptatem. Ut debitis sequi similique velit nostrum.', 3, '2018-11-04 09:39:54', '2018-11-04 09:39:54'),
(110, 20, 'Miss Danika Wilderman Jr.', 'Sunt ut in qui et hic. Ullam vitae suscipit ea voluptas expedita officiis explicabo. Reprehenderit consequatur tenetur omnis perferendis.', 1, '2018-11-04 09:39:55', '2018-11-04 09:39:55'),
(111, 9, 'Enos Russel', 'Est nemo quisquam rem et nulla iure sed reprehenderit. Quod numquam dolor et blanditiis animi voluptate.', 1, '2018-11-04 09:39:55', '2018-11-04 09:39:55'),
(112, 10, 'Magali Kirlin', 'Et distinctio provident et in sapiente alias est. Dolorem tenetur et fugit minima veniam et. Maxime iure ut aut omnis est voluptatibus. Ducimus occaecati laudantium iusto veritatis totam fugiat deserunt.', 2, '2018-11-04 09:39:55', '2018-11-04 09:39:55'),
(113, 12, 'Domenic VonRueden', 'Et aut tenetur ut ut pariatur voluptatibus doloremque. Autem ratione cum laborum aut aspernatur exercitationem quas. Dolor assumenda repellendus quae non aliquam. Ut eius optio quia aperiam enim aut voluptas.', 3, '2018-11-04 09:39:55', '2018-11-04 09:39:55'),
(114, 21, 'Dr. Tierra Dibbert II', 'Tenetur ipsa odio quis officia consequatur hic labore. Rem eos et quos fugit laborum. Praesentium iste dolore libero exercitationem ut.', 5, '2018-11-04 09:39:55', '2018-11-04 09:39:55'),
(115, 23, 'Lauretta Bins III', 'Aliquid asperiores quos beatae sunt quos laudantium possimus. Quia molestiae deleniti dolorem non unde consequatur. Sint est sint quibusdam temporibus deserunt voluptates.', 1, '2018-11-04 09:39:55', '2018-11-04 09:39:55'),
(116, 32, 'Adell Conroy', 'Omnis ut ex iusto pariatur et excepturi. Cumque totam rerum reprehenderit dolore. Repellat eum atque illo quae.', 2, '2018-11-04 09:39:55', '2018-11-04 09:39:55'),
(117, 9, 'Dr. Brice Hartmann PhD', 'A quaerat consequatur mollitia. Est dolores alias distinctio est quo et ad iure. Veniam voluptatem repudiandae alias aut suscipit ipsum veritatis amet.', 1, '2018-11-04 09:39:55', '2018-11-04 09:39:55'),
(118, 8, 'Cielo Oberbrunner', 'Aut unde doloremque et odit minima aut incidunt. Reprehenderit ea est non error dolore eos. Omnis sit consectetur ab porro. Ea omnis ipsum laudantium.', 4, '2018-11-04 09:39:55', '2018-11-04 09:39:55'),
(119, 38, 'Boyd Hirthe', 'Iste quisquam atque natus et nam. Odio laborum sunt facere voluptate provident illo et. Fuga et qui ea. Magni dignissimos doloremque doloribus.', 5, '2018-11-04 09:39:55', '2018-11-04 09:39:55'),
(120, 45, 'Nels Zulauf', 'Omnis et tenetur ut porro nisi perferendis. Et nihil est et fuga et amet ipsum. Unde cum quia est dignissimos. Et vel alias eligendi rerum minus sed eum.', 5, '2018-11-04 09:39:55', '2018-11-04 09:39:55'),
(121, 33, 'Prof. Keven Tremblay II', 'Velit nemo voluptas corrupti totam earum optio. Natus voluptatem necessitatibus numquam ut temporibus. Incidunt doloribus at est fugiat voluptas nam. Numquam sit velit in ut fuga accusantium incidunt voluptas.', 4, '2018-11-04 09:39:55', '2018-11-04 09:39:55'),
(122, 29, 'Dudley Blick', 'Delectus et et in harum aut qui. Quisquam sit quia laboriosam aliquid dolorem in sit. Impedit dignissimos sed vitae et.', 1, '2018-11-04 09:39:55', '2018-11-04 09:39:55'),
(123, 22, 'Gaetano Upton', 'Ut assumenda et maxime fuga. Consequatur qui ea reprehenderit dolores facilis eum dolore. Qui at quis quaerat.', 0, '2018-11-04 09:39:55', '2018-11-04 09:39:55'),
(124, 34, 'Xzavier Corkery', 'Mollitia fugiat excepturi voluptatum. Sit quia qui vero quis non eum. Aut similique omnis eius labore explicabo aut.', 2, '2018-11-04 09:39:55', '2018-11-04 09:39:55'),
(125, 4, 'Karlie Kassulke', 'Sunt et rem iure culpa omnis repudiandae. Doloremque maxime sit tempore aliquam illum pariatur. Doloribus est odio et voluptates. Recusandae et officia quia fuga est.', 0, '2018-11-04 09:39:55', '2018-11-04 09:39:55'),
(126, 44, 'Claudie Carter', 'Odit aut optio blanditiis quidem aut enim delectus sed. Ullam consequatur aperiam et doloremque qui fugiat. Voluptates possimus aut nostrum qui reiciendis accusantium. Accusamus architecto culpa inventore quaerat corporis velit dolorem molestiae.', 4, '2018-11-04 09:39:55', '2018-11-04 09:39:55'),
(127, 24, 'Stanford Luettgen', 'Expedita neque temporibus numquam necessitatibus perspiciatis. Qui et aut placeat culpa ut repellat. Aut doloremque ex rerum est aut esse. Quasi consequatur nam et est occaecati.', 1, '2018-11-04 09:39:55', '2018-11-04 09:39:55'),
(128, 4, 'Sophie Price', 'Laborum et beatae consequuntur in voluptate enim. Accusantium perferendis assumenda velit doloribus et facilis quia similique. Aut corrupti magnam dolor fugiat qui voluptatem iste cumque.', 3, '2018-11-04 09:39:55', '2018-11-04 09:39:55'),
(129, 3, 'Dr. Leland Crooks', 'Accusantium sapiente laudantium velit ea voluptates quo nemo. Voluptatem est beatae velit vero corporis. Cupiditate repudiandae minima sit modi sunt ratione ullam.', 4, '2018-11-04 09:39:55', '2018-11-04 09:39:55'),
(130, 13, 'Jaylen O\'Kon', 'Voluptatem earum minus nihil consequatur quia voluptatem qui. Iusto aut quibusdam iure doloribus consequatur ex sed. Ipsa et eligendi illum culpa. Quia quod sint ducimus id magni corporis.', 1, '2018-11-04 09:39:55', '2018-11-04 09:39:55'),
(131, 44, 'Ricardo Crona', 'Consequatur molestiae in velit recusandae cumque iure. Quod at perspiciatis omnis minus ea alias. Ab nobis numquam sed fugiat facilis nihil et deleniti. Dolores soluta aut dolorum perspiciatis facere.', 2, '2018-11-04 09:39:55', '2018-11-04 09:39:55'),
(132, 40, 'Miss Prudence Hintz IV', 'Maiores voluptas cupiditate at ipsa. Ex ipsa fugit repudiandae illo qui. Sit voluptate deleniti error sunt.', 0, '2018-11-04 09:39:55', '2018-11-04 09:39:55'),
(133, 46, 'Mr. Brenden Oberbrunner III', 'Officia asperiores ad nisi. Cupiditate est temporibus animi eius. Facere qui quibusdam corporis aut iusto.', 1, '2018-11-04 09:39:55', '2018-11-04 09:39:55'),
(134, 32, 'Estel Schamberger III', 'Id placeat corporis ratione. Et temporibus ad neque sint. Ex corporis doloremque ducimus et cumque cupiditate sit. Veniam molestias reiciendis commodi qui.', 4, '2018-11-04 09:39:55', '2018-11-04 09:39:55'),
(135, 34, 'Dr. Susanna Yundt', 'Deleniti expedita minima ut voluptate placeat exercitationem et sit. Est eligendi non omnis quis est suscipit nisi. Expedita vel assumenda sit. Ut et quas aspernatur praesentium vitae mollitia nesciunt non. Iste non soluta qui laborum non est dolor.', 4, '2018-11-04 09:39:55', '2018-11-04 09:39:55'),
(136, 3, 'Dudley Deckow', 'Vitae sunt quam molestiae vitae deserunt. Accusantium et voluptatem voluptatum omnis laboriosam quo. Sit tempora nulla sint modi possimus rerum cum. Laborum libero voluptas ut qui aut.', 4, '2018-11-04 09:39:55', '2018-11-04 09:39:55'),
(137, 14, 'Kali Schroeder', 'Aliquid sint placeat ex est. Vel dolorem omnis reiciendis facilis qui perferendis. Incidunt vel quaerat atque molestias omnis mollitia.', 2, '2018-11-04 09:39:55', '2018-11-04 09:39:55'),
(138, 44, 'Noemi Champlin', 'Mollitia quam ea ex quibusdam sequi. Occaecati dolor mollitia beatae consequatur atque quia consectetur. Ex doloremque et qui sit rerum est vero.', 3, '2018-11-04 09:39:55', '2018-11-04 09:39:55'),
(139, 22, 'Missouri Larson', 'Architecto et eum amet qui laudantium et. Accusantium consequuntur tenetur voluptatibus aperiam praesentium esse eos. Ut ducimus neque dolores molestias sapiente.', 0, '2018-11-04 09:39:55', '2018-11-04 09:39:55'),
(140, 30, 'Lucienne Carter', 'Cumque fugit numquam eveniet. Exercitationem nemo autem vel. Voluptatem et sed aut ut sunt.', 2, '2018-11-04 09:39:55', '2018-11-04 09:39:55'),
(141, 44, 'Christa Rohan', 'Aut ea at tempore. Iste velit omnis enim eligendi qui at voluptatem eum. Labore distinctio distinctio voluptate eos ea enim.', 2, '2018-11-04 09:39:55', '2018-11-04 09:39:55'),
(142, 29, 'Miss Beth Kuphal', 'Cupiditate id praesentium eum dolorem neque. Minima consequatur sed iusto ullam nam illum cupiditate quia. Officiis quidem reprehenderit ea ea.', 5, '2018-11-04 09:39:55', '2018-11-04 09:39:55'),
(143, 49, 'Royce Waelchi', 'Sit voluptas quia neque saepe. Sit error officia modi iusto soluta et praesentium commodi. Earum sapiente aut sed dolore architecto.', 3, '2018-11-04 09:39:55', '2018-11-04 09:39:55'),
(144, 10, 'Miss Flossie Russel', 'Et in rerum cumque est quaerat laborum quasi. Sit voluptatem mollitia repellat architecto qui rem. Quisquam et earum aut reprehenderit quasi minus qui.', 5, '2018-11-04 09:39:55', '2018-11-04 09:39:55'),
(145, 12, 'Lila Huels', 'Et quos aut ipsam provident. Iusto ut omnis fugit quia reiciendis occaecati minima.', 3, '2018-11-04 09:39:55', '2018-11-04 09:39:55'),
(146, 35, 'Prof. Therese O\'Conner IV', 'Et rem officiis nulla similique. Quo enim et vitae animi reiciendis officiis illo. Itaque consectetur voluptates qui illum aut.', 3, '2018-11-04 09:39:55', '2018-11-04 09:39:55'),
(147, 32, 'Shakira Nitzsche', 'Libero placeat ut ratione voluptas odit illum sunt. Veritatis harum esse alias molestiae quo sequi ut aperiam. Nisi voluptatum iusto sit qui.', 5, '2018-11-04 09:39:55', '2018-11-04 09:39:55'),
(148, 27, 'Michele Watsica Jr.', 'Sit ab culpa laborum rerum et quidem est fuga. Quaerat nam culpa vitae provident doloribus suscipit asperiores. Suscipit repudiandae illo sit est.', 4, '2018-11-04 09:39:55', '2018-11-04 09:39:55'),
(149, 39, 'Nettie Kovacek', 'Quasi ratione qui sed libero consequatur. Et iusto id ipsam impedit. Delectus adipisci ut cum at. Quam nostrum placeat autem laudantium.', 2, '2018-11-04 09:39:55', '2018-11-04 09:39:55'),
(150, 22, 'Mrs. Erika Nicolas', 'Quos autem sit minus temporibus nostrum ea. Quo eveniet nobis et qui qui. Optio velit iste nihil. Velit eos deserunt ratione aut sit sed ratione.', 1, '2018-11-04 09:39:55', '2018-11-04 09:39:55'),
(151, 34, 'Tobin Barrows', 'Officiis velit et non doloremque harum quibusdam magnam dolorem. Voluptas inventore deleniti itaque ab molestiae. Amet accusamus molestiae aliquid voluptate dolores quia odit.', 1, '2018-11-04 09:39:55', '2018-11-04 09:39:55'),
(152, 2, 'Dr. Carole Wisoky IV', 'Consequuntur itaque iusto ea corporis. Ullam neque assumenda facilis hic quas reiciendis non. Id itaque non sed voluptatem quam molestiae soluta.', 5, '2018-11-04 09:39:55', '2018-11-04 09:39:55'),
(153, 8, 'Verdie Haag', 'Fugit quod et dolorem eius ut asperiores atque. Enim sunt cupiditate inventore perspiciatis delectus sunt.', 4, '2018-11-04 09:39:55', '2018-11-04 09:39:55'),
(154, 37, 'Maximus Kling V', 'Ipsam quaerat cumque facere ipsum adipisci culpa reiciendis. Vel provident facere praesentium vel cumque voluptate omnis. Ex eum quam quo sed unde officia doloribus necessitatibus.', 1, '2018-11-04 09:39:55', '2018-11-04 09:39:55'),
(155, 1, 'Mr. Jace Kohler Sr.', 'Molestiae cumque rem nisi mollitia. Ea sunt aut deserunt earum debitis. Magni provident id tempora corporis. Perferendis dolor aut soluta sed vitae tenetur est.', 0, '2018-11-04 09:39:55', '2018-11-04 09:39:55'),
(156, 22, 'Craig Davis', 'Necessitatibus aut et quaerat reprehenderit. Omnis eaque dolorem in qui veniam. Sed iusto facere omnis velit illum numquam tempore. Nulla sapiente nostrum est aut.', 2, '2018-11-04 09:39:55', '2018-11-04 09:39:55'),
(157, 19, 'Caleb Trantow', 'Qui in voluptates qui. Dignissimos eligendi eligendi ducimus. Repellat eveniet esse repellat aut temporibus eaque autem.', 0, '2018-11-04 09:39:55', '2018-11-04 09:39:55'),
(158, 2, 'Karen Stracke DVM', 'Eveniet molestiae sit suscipit vero. Et sequi reiciendis alias voluptatibus vel error. Architecto totam doloremque qui nam quae dicta fugiat.', 4, '2018-11-04 09:39:55', '2018-11-04 09:39:55'),
(159, 20, 'Abby Torp', 'Quibusdam debitis sunt doloribus libero minima non quo consequatur. Ad molestias aut sint quaerat voluptate et. Sit explicabo deserunt aut laborum commodi aut. Ullam optio cum sunt sunt.', 5, '2018-11-04 09:39:55', '2018-11-04 09:39:55'),
(160, 45, 'Ms. Birdie Collins DDS', 'Beatae molestias impedit est sed tempora nam. Accusantium ipsa veritatis expedita odit optio. Qui aut numquam laborum dolor. Nesciunt praesentium minima ratione rerum nisi eum voluptas.', 2, '2018-11-04 09:39:55', '2018-11-04 09:39:55'),
(161, 24, 'Russel Waters', 'Alias tempore in minima molestias deleniti. Voluptate repellat asperiores laborum dicta voluptates natus nemo saepe. Accusamus molestiae numquam voluptatem. Repellendus nobis tenetur esse possimus sequi.', 1, '2018-11-04 09:39:55', '2018-11-04 09:39:55'),
(162, 23, 'Ms. Alvena Nienow', 'Exercitationem optio dolorem repellendus. Quo et est quidem unde facilis quo. Minus et rerum facilis debitis et maiores porro.', 5, '2018-11-04 09:39:55', '2018-11-04 09:39:55'),
(163, 29, 'Clovis Bailey', 'Porro quaerat aspernatur error aut eaque. Repudiandae eius ut earum quia non. Corrupti reprehenderit necessitatibus libero illum dolor. Sed aut quidem officiis eum. Et voluptatum placeat aut ex blanditiis in.', 5, '2018-11-04 09:39:55', '2018-11-04 09:39:55'),
(164, 48, 'Muriel Volkman IV', 'Doloribus et dolores mollitia voluptatem. Voluptate impedit consequatur et et ratione officiis nesciunt. In veniam temporibus est rerum et ullam laborum. Autem consequuntur ea maiores nihil aut error nam. Nesciunt illum dolores sequi occaecati sapiente.', 4, '2018-11-04 09:39:55', '2018-11-04 09:39:55'),
(165, 34, 'Lester Walker', 'Quia dolor magni eius cupiditate et. Dolorem voluptates quae enim suscipit assumenda sunt. Qui rem repudiandae mollitia sunt id dolores. Harum quidem reprehenderit autem rerum.', 5, '2018-11-04 09:39:55', '2018-11-04 09:39:55'),
(166, 2, 'Ebony Wunsch', 'Numquam maiores odit quos veniam. Et possimus natus nostrum voluptas minus repudiandae. Sunt aut in cupiditate.', 0, '2018-11-04 09:39:55', '2018-11-04 09:39:55'),
(167, 39, 'Lisa Stoltenberg', 'Sed itaque est sed sed rerum consequatur. Fuga quo quas quia qui vel. Facere assumenda voluptatem architecto architecto ut ut explicabo.', 0, '2018-11-04 09:39:55', '2018-11-04 09:39:55'),
(168, 14, 'Francisco Buckridge Jr.', 'Voluptatem enim tempore tempora. Corporis vel facere dignissimos velit eum. Amet molestias sunt minus vel aut ut velit asperiores. Et nulla vel voluptas esse dolorem quod illum.', 3, '2018-11-04 09:39:55', '2018-11-04 09:39:55'),
(169, 38, 'Triston Jakubowski', 'Sunt sed distinctio fuga cum. Aut ea sed dolor iure iste inventore qui similique. Quas et sed velit illo dolorem. Ut fugiat voluptas tempora.', 5, '2018-11-04 09:39:55', '2018-11-04 09:39:55'),
(170, 38, 'Esperanza Koss', 'Aperiam quas provident omnis ad et quam dignissimos. Quos et dolorum consequuntur voluptate deserunt reprehenderit commodi.', 2, '2018-11-04 09:39:55', '2018-11-04 09:39:55'),
(171, 2, 'Thomas VonRueden', 'Repellendus sed fugit enim deserunt. Exercitationem ab odio dolores eos. Qui et consequatur ipsam debitis sint.', 3, '2018-11-04 09:39:55', '2018-11-04 09:39:55'),
(172, 45, 'Martine Bahringer', 'Quibusdam excepturi et pariatur et pariatur doloremque. Enim earum nihil nihil natus. Libero minima soluta doloribus itaque ex voluptas repudiandae.', 3, '2018-11-04 09:39:55', '2018-11-04 09:39:55'),
(173, 8, 'Tremayne Purdy', 'Sit saepe maxime sapiente quas dolorum dolorem fugiat. Atque qui consequuntur ipsa sapiente velit corrupti velit delectus. In dolorum facilis facilis aliquam quia porro.', 5, '2018-11-04 09:39:55', '2018-11-04 09:39:55'),
(174, 6, 'Maximo Schimmel', 'Magni cupiditate blanditiis veniam dolores odit. Natus nulla ut qui vel est. Quasi et excepturi ea odit quae esse. Expedita ullam at voluptatem fugit eligendi aut. Fuga eius consequatur sint quaerat cumque voluptas aut.', 5, '2018-11-04 09:39:55', '2018-11-04 09:39:55'),
(175, 47, 'Elroy Schimmel', 'Aspernatur dolores voluptas ducimus sapiente adipisci maiores quisquam. Odio sequi doloribus qui sit sit ut illum. Sint quibusdam sequi quo enim sit voluptatum quibusdam. Optio nihil voluptatem natus repellat a perspiciatis.', 3, '2018-11-04 09:39:55', '2018-11-04 09:39:55'),
(176, 19, 'Seth Johns', 'Enim occaecati modi quae provident. Distinctio tempore iste voluptas corrupti architecto. Maxime et officia incidunt. Voluptatibus animi voluptate dolores quam.', 2, '2018-11-04 09:39:55', '2018-11-04 09:39:55'),
(177, 47, 'Winston Zulauf', 'Quibusdam sit qui minima eos quod modi. Occaecati a dolor dolores. Sit est beatae quaerat libero repudiandae. Quisquam corporis nihil perferendis porro praesentium provident necessitatibus dolore.', 1, '2018-11-04 09:39:55', '2018-11-04 09:39:55'),
(178, 41, 'Prof. Carleton Toy', 'Incidunt possimus quis odio ut itaque ut. Vitae et recusandae ut temporibus minus placeat voluptatem necessitatibus. Atque vel aut assumenda alias. Hic qui modi aut velit sed.', 0, '2018-11-04 09:39:55', '2018-11-04 09:39:55'),
(179, 16, 'Maggie Bergstrom MD', 'Alias et error sit aspernatur. Maxime dolorem dolore vitae nemo cupiditate amet. Eum id dolor velit commodi debitis aut aut quia. Et dolores iure sed consequatur corrupti.', 2, '2018-11-04 09:39:55', '2018-11-04 09:39:55'),
(180, 46, 'Twila McCullough', 'Mollitia consectetur adipisci repellendus eveniet voluptatem ducimus tenetur. Minus aut nostrum quam quis. Assumenda necessitatibus cum nesciunt sed tempore.', 1, '2018-11-04 09:39:55', '2018-11-04 09:39:55'),
(181, 36, 'Angeline Luettgen', 'Cupiditate veniam quia nemo est cum maiores omnis. Iusto ipsa dolorem ipsam suscipit.', 5, '2018-11-04 09:39:55', '2018-11-04 09:39:55'),
(182, 12, 'Melissa Brekke', 'Autem quia est rerum provident dolor aliquam. Pariatur doloribus dolore quia rem ut. Tenetur ea sit praesentium quidem velit ut.', 0, '2018-11-04 09:39:55', '2018-11-04 09:39:55'),
(183, 2, 'Michael Considine', 'Est vel odit quod repellat soluta mollitia. Sit maiores temporibus nemo non voluptatibus. Quia qui voluptas qui odio. Nihil qui fuga quis doloremque itaque optio nihil.', 5, '2018-11-04 09:39:55', '2018-11-04 09:39:55'),
(184, 24, 'Maxie Strosin', 'Fuga qui facere similique nam possimus. Reiciendis amet quisquam et amet et exercitationem nisi. Nam iste doloremque aliquam id sunt dolorum modi fuga. Id dolorem id nobis soluta quibusdam.', 5, '2018-11-04 09:39:55', '2018-11-04 09:39:55'),
(185, 41, 'Prof. Erin Predovic', 'Voluptas aut quibusdam eos tempora inventore id. Voluptatibus dolorem corporis reiciendis labore possimus qui. Quam nulla impedit eveniet aperiam rerum ut repudiandae. Eum dolor omnis eveniet et.', 0, '2018-11-04 09:39:55', '2018-11-04 09:39:55'),
(186, 6, 'Bettie Adams', 'Dolore itaque ratione non sed minus rerum sunt. Veniam nam est blanditiis. Voluptatum eum quo quod voluptas inventore.', 5, '2018-11-04 09:39:55', '2018-11-04 09:39:55'),
(187, 4, 'Alisa O\'Conner', 'Adipisci dolor ut in voluptates. Et necessitatibus molestiae occaecati dolor et quia. Aliquam consequatur aliquid ea nesciunt quaerat veniam.', 5, '2018-11-04 09:39:55', '2018-11-04 09:39:55'),
(188, 1, 'Mrs. Meghan Ward PhD', 'Iste sapiente numquam harum sapiente est praesentium quaerat. Facilis minus ratione quia error consequatur molestiae et. Repudiandae esse itaque ut recusandae.', 0, '2018-11-04 09:39:55', '2018-11-04 09:39:55'),
(189, 44, 'Jesse Marvin', 'Molestiae fuga vitae perspiciatis ut dolor est corrupti. Ut ullam expedita unde qui aut non voluptatem sit. Voluptatem ut cupiditate harum quibusdam ut saepe. Ut minus odio et id rerum dignissimos et.', 2, '2018-11-04 09:39:55', '2018-11-04 09:39:55'),
(190, 23, 'Dave Deckow Sr.', 'Sit ex non ducimus qui ipsum veniam aspernatur. Quas alias sint mollitia et nemo et itaque eos. Molestiae totam dolores commodi praesentium magni qui. Fugiat fuga dolores pariatur molestiae quo et quia. Error in iusto dolore incidunt et velit totam deleniti.', 1, '2018-11-04 09:39:55', '2018-11-04 09:39:55'),
(191, 22, 'Demetris Baumbach', 'Est laboriosam debitis veritatis iusto. Possimus aut libero praesentium est. Aut itaque sunt unde.', 1, '2018-11-04 09:39:55', '2018-11-04 09:39:55'),
(192, 16, 'Prof. Marilyne Stracke', 'Illum et numquam a fuga sed. Est et maxime voluptatem et quibusdam sit temporibus enim. Facilis debitis impedit sit perferendis beatae cum. Iste nemo voluptatum et architecto minima atque amet.', 4, '2018-11-04 09:39:55', '2018-11-04 09:39:55'),
(193, 10, 'Dr. Everette Kunze', 'Optio distinctio magnam autem voluptatibus. Omnis voluptas distinctio minima voluptatibus unde consectetur. Alias similique rerum tempora quidem id.', 1, '2018-11-04 09:39:55', '2018-11-04 09:39:55'),
(194, 23, 'Bradly Mann', 'Optio dolores assumenda saepe nostrum cupiditate. Sit facilis doloremque quae vel nihil. Minus quo et sunt.', 5, '2018-11-04 09:39:55', '2018-11-04 09:39:55'),
(195, 29, 'Carlie Jacobs', 'Quis libero expedita repellendus tenetur explicabo voluptatem. Est est voluptatem esse iste ut ipsum. Fugit blanditiis velit ducimus. Numquam numquam molestiae ex nulla et sit. Culpa et delectus consequatur officia.', 5, '2018-11-04 09:39:55', '2018-11-04 09:39:55'),
(196, 36, 'Lori Goodwin', 'Ipsam autem et dolorum impedit debitis. Aut molestiae omnis nesciunt sint sit et recusandae. Nulla et qui laborum suscipit sit. Delectus corporis sint sint magnam.', 2, '2018-11-04 09:39:55', '2018-11-04 09:39:55'),
(197, 34, 'Dr. Oliver Grant PhD', 'Qui adipisci sequi sit quaerat. Fugit aut rem animi reiciendis. Aut doloremque a mollitia aut enim et sit possimus.', 2, '2018-11-04 09:39:55', '2018-11-04 09:39:55'),
(198, 5, 'Abigale Yundt', 'Aliquid accusamus voluptatem blanditiis voluptatibus tempore. Voluptatibus ratione culpa sit ipsa sunt. Qui veniam odit qui molestiae. Pariatur officia fuga omnis. Veniam accusamus culpa provident dolore consequuntur ipsam rerum.', 2, '2018-11-04 09:39:55', '2018-11-04 09:39:55'),
(199, 17, 'Mrs. Shania Heidenreich', 'Voluptas nemo quas fugit fugit voluptate rerum. Ut commodi molestias est velit ut aut sint consectetur. Dolorem expedita omnis assumenda expedita. Aliquam labore nihil modi iste.', 3, '2018-11-04 09:39:55', '2018-11-04 09:39:55'),
(200, 35, 'Kaelyn Feeney', 'Facilis quam suscipit totam autem. Modi vero nihil ut est libero. Natus accusantium dignissimos doloribus voluptatem et sunt voluptatem eligendi.', 1, '2018-11-04 09:39:55', '2018-11-04 09:39:55'),
(201, 36, 'Candace Walker', 'Hic corporis minus nam natus dolorem. Ut ab ducimus eum dolor iure accusantium. Culpa officiis dolorem quo harum ut id qui. Quo qui vitae dignissimos et reiciendis sequi aut.', 3, '2018-11-04 09:39:55', '2018-11-04 09:39:55'),
(202, 31, 'Prof. Aaron Schneider', 'Totam voluptate sapiente consequuntur enim nisi repellat corporis officiis. Velit et sit quam quia est autem non. Aut possimus ut sit.', 5, '2018-11-04 09:39:55', '2018-11-04 09:39:55'),
(203, 31, 'Prof. Ross Sauer', 'Consectetur dicta facilis ipsa sit veritatis. Soluta quos sit quae id. Repudiandae rerum repellendus voluptatem tenetur. Dolorum explicabo ea facilis ad.', 2, '2018-11-04 09:39:55', '2018-11-04 09:39:55'),
(204, 39, 'Bernadine Stehr', 'Et eum excepturi eum voluptates nihil. Alias sunt amet illum sint est. Mollitia nobis consectetur ad consequatur doloremque quam nulla.', 1, '2018-11-04 09:39:55', '2018-11-04 09:39:55'),
(205, 12, 'Evelyn Macejkovic MD', 'Magni ducimus consequuntur repudiandae vel possimus. Harum aut dolorem et incidunt. Sequi facere voluptas id suscipit facilis assumenda quia.', 3, '2018-11-04 09:39:55', '2018-11-04 09:39:55'),
(206, 26, 'Holden Wunsch', 'Dolorem laboriosam aut et omnis exercitationem facere est velit. Aliquam ratione placeat dolor minus provident quibusdam enim. Dolorem est officiis et modi voluptatem et a.', 5, '2018-11-04 09:39:55', '2018-11-04 09:39:55'),
(207, 19, 'Dr. Keeley Welch IV', 'Neque cupiditate eum enim possimus quod. Quia inventore sapiente voluptatem quia repellat cupiditate. Et ut facilis iusto tempore autem et. In impedit magnam quo repellat eum debitis iste. Voluptates nulla ducimus ut.', 3, '2018-11-04 09:39:55', '2018-11-04 09:39:55'),
(208, 38, 'Freeman Daugherty', 'Iste qui architecto iure velit nemo ab sunt cupiditate. Et dolor nulla tempore occaecati similique. Tenetur voluptate recusandae molestias dolores. Architecto quia reprehenderit occaecati porro.', 2, '2018-11-04 09:39:55', '2018-11-04 09:39:55'),
(209, 45, 'Jennie Jast', 'Deleniti officia non doloribus quae. Consequuntur aliquid blanditiis minima quia debitis. Est sed qui cumque incidunt omnis.', 3, '2018-11-04 09:39:55', '2018-11-04 09:39:55');
INSERT INTO `reviews` (`id`, `product_id`, `customer`, `review`, `star`, `created_at`, `updated_at`) VALUES
(210, 21, 'Dr. Sean Borer III', 'Sint expedita ut et consequuntur aut minus et. Ut eveniet est natus perferendis velit veniam.', 4, '2018-11-04 09:39:55', '2018-11-04 09:39:55'),
(211, 41, 'Prof. Ronaldo Gislason', 'Est ipsa dicta veniam dicta eaque. Dignissimos esse officia corrupti minima. Sunt ut aut ea sunt quod qui.', 4, '2018-11-04 09:39:55', '2018-11-04 09:39:55'),
(212, 43, 'Dayna Lesch', 'Aut pariatur nemo et eum aut voluptas earum. Voluptatibus ut itaque sapiente earum qui similique qui. Dolorum in vel omnis culpa.', 4, '2018-11-04 09:39:55', '2018-11-04 09:39:55'),
(213, 21, 'Ivah Runte', 'Consequuntur at aut sed nisi odio in quo. Exercitationem quam voluptate voluptas. Eum illo non quia veritatis architecto distinctio rerum accusantium. Omnis expedita est et laboriosam voluptatem et illum. Et aliquid sed voluptas incidunt ut eum.', 1, '2018-11-04 09:39:55', '2018-11-04 09:39:55'),
(214, 47, 'Eliseo Ernser', 'Quas fuga facilis voluptatem eligendi. Qui est ipsum in suscipit. Dignissimos enim nam eius architecto neque sit et recusandae.', 0, '2018-11-04 09:39:55', '2018-11-04 09:39:55'),
(215, 19, 'Simone Veum', 'Libero omnis voluptatem qui illum. Saepe at eum voluptatem. Velit quia voluptatem consectetur ratione. Quis vitae est reiciendis sapiente.', 0, '2018-11-04 09:39:55', '2018-11-04 09:39:55'),
(216, 50, 'Mrs. Jeanette Romaguera', 'Aperiam reprehenderit rerum accusamus velit et debitis porro. Sit doloribus repellendus voluptatum voluptas voluptas quia non. Voluptatem blanditiis nisi et sit. Dolor alias facere et accusantium quae doloribus ut aut.', 4, '2018-11-04 09:39:55', '2018-11-04 09:39:55'),
(217, 6, 'Mrs. Robyn McClure', 'Maxime molestias qui quia. Porro ex delectus itaque ut voluptas. Quasi eaque ducimus quod iusto laborum reiciendis ratione. Est voluptatem est sunt.', 4, '2018-11-04 09:39:55', '2018-11-04 09:39:55'),
(218, 9, 'Abel Frami', 'Laudantium recusandae omnis reiciendis minus. Qui harum quod id quisquam blanditiis. Quia odit aut quo eveniet magni sunt explicabo.', 4, '2018-11-04 09:39:55', '2018-11-04 09:39:55'),
(219, 48, 'Prof. Jerrell Hickle I', 'Quis iure porro nam. Et harum sit asperiores quae. Earum in quia at earum aut aliquid vel omnis.', 2, '2018-11-04 09:39:55', '2018-11-04 09:39:55'),
(220, 38, 'Cameron Reinger', 'Maxime ut ut perferendis officiis quia ut aut. Praesentium dolor placeat magni cumque voluptas blanditiis. Error aut reprehenderit omnis aliquam sunt officia sit. Ea atque autem eligendi est.', 4, '2018-11-04 09:39:55', '2018-11-04 09:39:55'),
(221, 28, 'Fausto Lueilwitz IV', 'Sapiente et maxime et sint. Sit reiciendis veniam velit est dolor velit consectetur. Expedita inventore molestiae itaque et. Porro similique dolore repudiandae atque.', 0, '2018-11-04 09:39:55', '2018-11-04 09:39:55'),
(222, 5, 'Elinor Rosenbaum', 'Accusantium delectus quia dolores molestiae cumque sed corporis iusto. Voluptas neque libero recusandae debitis blanditiis provident. Enim ducimus atque possimus dolorum illo et. Ut fuga et voluptatum molestiae et eligendi culpa.', 5, '2018-11-04 09:39:55', '2018-11-04 09:39:55'),
(223, 47, 'Karina Breitenberg Jr.', 'Voluptatibus provident omnis perspiciatis eos officiis. Dolores ea dignissimos accusantium et qui. Vitae totam eveniet quibusdam facilis non.', 5, '2018-11-04 09:39:55', '2018-11-04 09:39:55'),
(224, 26, 'Mortimer Bartoletti', 'Sit tempore expedita odio rerum. Et harum et cum nostrum voluptates aut amet qui. Est libero recusandae officiis. Sapiente aut sapiente saepe ut. Inventore consequatur nulla consequatur quia.', 4, '2018-11-04 09:39:55', '2018-11-04 09:39:55'),
(225, 25, 'Dr. Brayan Casper', 'Dolorem maxime alias aut laborum est odit. Accusantium perferendis dolore consectetur qui. Debitis beatae dolorem in veniam et et natus. Quia ad culpa repellendus et incidunt pariatur.', 0, '2018-11-04 09:39:55', '2018-11-04 09:39:55'),
(226, 12, 'Mrs. Emilia Dickinson', 'Et et atque illo et esse autem. Nihil error recusandae iure voluptatem et vel assumenda aspernatur. Ducimus eius iste ipsam nesciunt sequi laboriosam et.', 3, '2018-11-04 09:39:55', '2018-11-04 09:39:55'),
(227, 12, 'Johann Kilback', 'Qui rerum perspiciatis quas omnis esse magni. Id eaque quo incidunt porro inventore a. Velit debitis omnis distinctio consequatur occaecati deserunt.', 2, '2018-11-04 09:39:55', '2018-11-04 09:39:55'),
(228, 41, 'Urban Eichmann', 'Alias eius sint voluptatem eum ipsa qui animi. Non tempora impedit dolores. Assumenda voluptate necessitatibus facilis quia a.', 2, '2018-11-04 09:39:55', '2018-11-04 09:39:55'),
(229, 50, 'Savanna Aufderhar', 'Ea et reprehenderit perferendis natus possimus consequatur. Sunt dicta dicta modi omnis animi. Velit nihil numquam ex doloribus quam nihil ea. Et voluptatem pariatur nihil alias.', 3, '2018-11-04 09:39:55', '2018-11-04 09:39:55'),
(230, 32, 'Prof. Tremayne Hansen', 'Ex cum et molestiae atque voluptatem tempora amet. Et nulla consectetur quia officia et quisquam. Provident itaque qui est cupiditate voluptatum sint quaerat.', 3, '2018-11-04 09:39:55', '2018-11-04 09:39:55'),
(231, 42, 'Jarvis Beer', 'Et ducimus velit quo officiis enim. Eaque velit eos eum qui ipsum aut. Ab quia nostrum ea sequi in autem fugiat. Dolores voluptatem ea ad ut. Rerum placeat sint mollitia reprehenderit ut magnam occaecati harum.', 2, '2018-11-04 09:39:55', '2018-11-04 09:39:55'),
(232, 3, 'Sydnee Schneider PhD', 'Qui quo aspernatur necessitatibus laudantium non. Ipsa labore veritatis ipsam architecto odit nesciunt. Ut deleniti consequatur eos libero tempora quaerat. Nobis reprehenderit earum ea quia ab.', 2, '2018-11-04 09:39:55', '2018-11-04 09:39:55'),
(233, 32, 'Mr. Ed Graham', 'Consectetur commodi quae et nisi. Fugit voluptatem numquam sed excepturi. Velit maxime non deserunt minima.', 4, '2018-11-04 09:39:55', '2018-11-04 09:39:55'),
(234, 17, 'Fausto Ankunding DVM', 'Ex saepe et eveniet et suscipit. Vel quaerat doloribus et quae sunt repellat. Veniam unde tenetur in deleniti et voluptatem iure amet. Voluptas et perferendis magnam rerum ab veritatis.', 5, '2018-11-04 09:39:55', '2018-11-04 09:39:55'),
(235, 17, 'Prof. Toby Wiza MD', 'Est fugit rerum inventore a eum aut reiciendis. Voluptatum voluptatum praesentium hic tenetur quos sapiente. Omnis placeat sint rerum omnis velit molestiae sapiente. Est deleniti quasi hic doloribus laborum sequi. Consequatur voluptatem repellat dolorem voluptatem mollitia labore numquam.', 5, '2018-11-04 09:39:55', '2018-11-04 09:39:55'),
(236, 23, 'Muhammad Volkman', 'Harum qui nihil consequatur eum perspiciatis laboriosam. Et omnis quia perferendis commodi nihil sed qui. Odit animi eveniet quos harum laborum. Necessitatibus tenetur at quis.', 5, '2018-11-04 09:39:55', '2018-11-04 09:39:55'),
(237, 25, 'Milton King', 'Eaque quia incidunt dicta omnis praesentium sed. Laboriosam deserunt qui omnis ex. Architecto voluptatem excepturi ipsa ullam. Iure eaque doloribus reprehenderit qui velit quo.', 3, '2018-11-04 09:39:55', '2018-11-04 09:39:55'),
(238, 8, 'Mable Herman', 'Enim a laborum quos rerum ex. Nesciunt autem minus quia quis similique deserunt. Ut aperiam facere et deleniti.', 2, '2018-11-04 09:39:55', '2018-11-04 09:39:55'),
(239, 45, 'Prof. Delfina Parker', 'Eligendi quod non eveniet aut dolor ut eos. Magnam laboriosam vel magnam et suscipit. Eligendi aperiam omnis consectetur delectus aperiam harum rerum sit. Soluta ut excepturi fuga temporibus eveniet rerum in.', 0, '2018-11-04 09:39:55', '2018-11-04 09:39:55'),
(240, 47, 'Dante Leffler', 'Dolor numquam culpa ut et et. Illo alias soluta vero odit laborum consequatur harum. Ipsam et consequatur deserunt doloribus.', 2, '2018-11-04 09:39:55', '2018-11-04 09:39:55'),
(241, 33, 'Dr. Lon Johnson Jr.', 'Sint quo aut non ipsum itaque recusandae sed. Quas culpa ut aliquam ipsa est qui repudiandae. Sed fugiat voluptatibus voluptas officia. Distinctio consequuntur distinctio sed omnis.', 1, '2018-11-04 09:39:55', '2018-11-04 09:39:55'),
(242, 50, 'Prof. Efrain Hammes II', 'Adipisci a aliquid nemo. Quibusdam recusandae fuga necessitatibus dolores voluptas cupiditate dolorem molestiae. Voluptates error veritatis suscipit veritatis natus consequuntur. Mollitia qui nihil doloribus optio illum tempore.', 2, '2018-11-04 09:39:55', '2018-11-04 09:39:55'),
(243, 5, 'Alyson Altenwerth', 'Excepturi est voluptate veritatis voluptatem. Et iure molestiae voluptate voluptatem. Dolores et aperiam doloribus ea non illum aut. Sapiente repudiandae at vero nobis illum dolores aliquam.', 2, '2018-11-04 09:39:55', '2018-11-04 09:39:55'),
(244, 26, 'Mariane Beahan', 'Quo animi excepturi animi molestias velit corrupti. Quis tenetur dolor pariatur in possimus eos quam. Et sed porro corrupti excepturi voluptas nihil eum. Quo laborum dolorum non saepe libero et. Iure eius quasi est minima quo.', 3, '2018-11-04 09:39:55', '2018-11-04 09:39:55'),
(245, 31, 'Rebecca Becker DDS', 'Qui necessitatibus a est similique itaque doloremque eos. Ipsum tempora quas unde quia.', 5, '2018-11-04 09:39:55', '2018-11-04 09:39:55'),
(246, 5, 'Alberto Kohler', 'Dolorem optio numquam velit cumque qui est. Quas distinctio sit excepturi. Qui sapiente quos dicta autem veniam.', 2, '2018-11-04 09:39:55', '2018-11-04 09:39:55'),
(247, 29, 'Freeman Ziemann', 'Ad est rem ipsam natus expedita non harum. Minima neque aspernatur sit ratione. Dolor exercitationem minima fugiat aspernatur illo.', 0, '2018-11-04 09:39:55', '2018-11-04 09:39:55'),
(248, 46, 'Jacynthe Gusikowski V', 'Aperiam voluptatem repudiandae rerum placeat asperiores. Et hic numquam dolore quisquam consectetur enim. Quae voluptatibus aliquam voluptates et et at reiciendis.', 2, '2018-11-04 09:39:55', '2018-11-04 09:39:55'),
(249, 40, 'Maryam Zboncak', 'Sint est odio pariatur dolores sequi eum. Iste eum et ipsa. Odit dolorem architecto sint quos cupiditate.', 5, '2018-11-04 09:39:55', '2018-11-04 09:39:55'),
(250, 30, 'Mireya Nitzsche', 'Et maiores illum blanditiis. Doloremque odit earum qui. Labore voluptas modi atque. Expedita iure in necessitatibus commodi aut pariatur minus.', 2, '2018-11-04 09:39:55', '2018-11-04 09:39:55'),
(251, 26, 'Ayden Hermiston MD', 'Eum velit nihil voluptatem omnis aut officia praesentium. Eum tempore neque sed culpa. Qui sit rem quam ut. Ipsa ea animi accusamus ipsum autem qui.', 3, '2018-11-04 09:39:55', '2018-11-04 09:39:55'),
(252, 25, 'Ashley Towne', 'Numquam labore quae modi deleniti nemo. Magnam consectetur est facere ad iure. Blanditiis corporis aperiam rerum aut ex.', 5, '2018-11-04 09:39:55', '2018-11-04 09:39:55'),
(253, 46, 'Miss Thea Homenick II', 'Atque dolor distinctio quibusdam accusantium non consequuntur quia molestias. Aut quos qui quaerat in suscipit quia nisi. Ea similique molestias consequatur odio aliquid hic hic.', 4, '2018-11-04 09:39:55', '2018-11-04 09:39:55'),
(254, 7, 'Prof. Izaiah Keebler', 'At illo modi odit. Aspernatur harum et veritatis rerum ad nulla at iste. Doloribus ab temporibus sit tempora eum.', 4, '2018-11-04 09:39:55', '2018-11-04 09:39:55'),
(255, 12, 'Deontae Keeling', 'Occaecati sit quis et amet ea quae sit. Quas dolorum aspernatur quis enim. Quisquam et repellat qui sint soluta rerum aut. Mollitia sunt non eaque corrupti sunt est.', 1, '2018-11-04 09:39:55', '2018-11-04 09:39:55'),
(256, 31, 'Aileen Bednar', 'Quis voluptatem soluta aspernatur est. Quam animi exercitationem esse est non magni nemo. Dolore deserunt necessitatibus non quo recusandae eum odit. Tempora deleniti quam voluptatem placeat quae ducimus.', 4, '2018-11-04 09:39:55', '2018-11-04 09:39:55'),
(257, 31, 'Kelli Hermann PhD', 'Quae voluptates earum corporis aut eius iste aliquid. Itaque illo impedit sit nostrum omnis est. Aliquam nostrum aperiam placeat numquam voluptas labore eum. Nam consequuntur ex impedit sequi.', 1, '2018-11-04 09:39:55', '2018-11-04 09:39:55'),
(258, 22, 'Miss Alexa Kunde Sr.', 'Ea officia iure quam nulla. Accusantium suscipit vel at eius blanditiis est impedit. Distinctio impedit ea distinctio harum impedit. Fuga debitis occaecati sit atque.', 1, '2018-11-04 09:39:55', '2018-11-04 09:39:55'),
(259, 10, 'Mr. Barry Hoeger', 'Vero voluptas perspiciatis cum accusamus harum voluptatem numquam. Minus eligendi reiciendis sit non. Asperiores veniam voluptatem error qui enim est. Omnis ut porro quisquam sint corporis id maxime quia.', 0, '2018-11-04 09:39:55', '2018-11-04 09:39:55'),
(260, 10, 'Ms. Loyce Bechtelar III', 'Odit ratione dignissimos magnam deleniti. Ea corporis ab ut aliquid voluptas ipsam. Dolore omnis omnis ut repellat unde. Ea officia atque vero quo harum quis repellat. Reiciendis eaque incidunt deleniti non.', 1, '2018-11-04 09:39:55', '2018-11-04 09:39:55'),
(261, 25, 'Mrs. Glenna Cassin I', 'Veritatis sint dolores itaque. Nesciunt et qui consequatur voluptate. Aut aliquid nulla pariatur. Voluptates soluta voluptas porro sit neque est.', 1, '2018-11-04 09:39:55', '2018-11-04 09:39:55'),
(262, 50, 'Mrs. Serena O\'Hara', 'Dicta reiciendis ea eum aut adipisci ut sit. Sit nihil libero qui beatae quo autem deleniti. Tenetur asperiores error consequuntur nisi maiores aut velit consectetur.', 4, '2018-11-04 09:39:55', '2018-11-04 09:39:55'),
(263, 14, 'Alicia Jacobi', 'Explicabo aut est nostrum voluptas nisi similique fuga. Corporis dolor ut sed aut neque necessitatibus rem. Laborum beatae ex ut ex temporibus. Qui eum asperiores quos. Incidunt eveniet est et a nihil.', 1, '2018-11-04 09:39:55', '2018-11-04 09:39:55'),
(264, 12, 'Mrs. Duane Stamm IV', 'Ipsa ipsum necessitatibus fugit qui et non tempore. Fuga rerum non ut non. Fugiat excepturi tempora hic et. Possimus est eos ut aut delectus magnam.', 2, '2018-11-04 09:39:55', '2018-11-04 09:39:55'),
(265, 48, 'Zola Kling II', 'Eum numquam aut repudiandae qui. Ducimus eos quae fuga consequatur laborum. Omnis quas alias non perspiciatis ad dolores.', 2, '2018-11-04 09:39:55', '2018-11-04 09:39:55'),
(266, 8, 'Jovan Leannon DDS', 'Omnis voluptas dolores ea officiis amet suscipit iusto. Repellat quo numquam recusandae sequi reprehenderit assumenda placeat et. Maxime consectetur nobis sint optio consequatur debitis fugiat vel. Dolor officia eos incidunt molestias unde. Velit quia quia excepturi corporis ipsa tenetur.', 2, '2018-11-04 09:39:55', '2018-11-04 09:39:55'),
(267, 4, 'Kendrick Goodwin', 'Unde rerum non eos est. Veniam rerum et facilis qui blanditiis quia. Non et enim ex quo.', 2, '2018-11-04 09:39:55', '2018-11-04 09:39:55'),
(268, 20, 'Keyon Grimes', 'Dignissimos minima quidem totam eius qui autem id. Non consectetur numquam praesentium odio. Temporibus tenetur inventore aut nihil quibusdam.', 0, '2018-11-04 09:39:55', '2018-11-04 09:39:55'),
(269, 45, 'Felton Okuneva', 'Ipsum dolorum consequatur consequuntur. Rem ut facilis minima harum eius animi itaque dolorem. Corrupti possimus fuga sint id ut aut veritatis saepe. Tempora illum sit ex hic eum enim.', 3, '2018-11-04 09:39:55', '2018-11-04 09:39:55'),
(270, 39, 'Sallie Morar DDS', 'Laborum numquam voluptatibus voluptas eius et sed. Adipisci suscipit repellat qui et totam iusto et nobis. Recusandae quibusdam dolores in voluptas unde dignissimos. Enim libero ipsum quos alias ut dolorem eveniet.', 2, '2018-11-04 09:39:55', '2018-11-04 09:39:55'),
(271, 35, 'Waldo Sipes', 'Autem sint amet eius. Neque labore animi facere cumque. Saepe in mollitia et minus nisi voluptate deserunt. Dolorem quos quia minima adipisci tempore.', 1, '2018-11-04 09:39:55', '2018-11-04 09:39:55'),
(272, 43, 'Prof. Werner Schowalter', 'A officiis omnis nostrum omnis animi aut. Sed totam ab porro vel qui saepe sit. Perspiciatis consequuntur tempora eveniet cum incidunt. Modi quo sed aliquid sequi.', 3, '2018-11-04 09:39:55', '2018-11-04 09:39:55'),
(273, 9, 'Jaren Wiegand Jr.', 'In repellendus molestiae quasi rerum nobis ipsam expedita. Necessitatibus laudantium sapiente magnam amet possimus dolorem et. Pariatur sequi deserunt dolorem. Corporis praesentium id sit accusamus.', 4, '2018-11-04 09:39:55', '2018-11-04 09:39:55'),
(274, 27, 'Jammie Hill', 'Labore praesentium accusantium commodi iste eos odit et. Eaque est ut earum.', 2, '2018-11-04 09:39:55', '2018-11-04 09:39:55'),
(275, 18, 'Christine Torphy', 'Aut sed voluptatem officiis ex nulla exercitationem tempore. Sapiente non itaque provident est odio modi vitae optio. Eum quo quasi ullam qui. Accusantium aperiam distinctio repudiandae et cumque.', 0, '2018-11-04 09:39:55', '2018-11-04 09:39:55'),
(276, 22, 'Bertrand Nolan', 'Iste dolore sed eaque provident ut magni sit. Neque voluptatibus quo ut quae facere culpa. Laboriosam quas doloribus soluta dolorum. Dolorem ea aliquid aut repellat sint.', 0, '2018-11-04 09:39:55', '2018-11-04 09:39:55'),
(277, 21, 'Tatyana Hartmann', 'Perspiciatis tenetur tempora animi. Tempora nostrum nulla dolor.', 2, '2018-11-04 09:39:55', '2018-11-04 09:39:55'),
(278, 43, 'Kiera Morar', 'Quia impedit voluptas qui repudiandae dicta. Numquam assumenda cum accusantium sed ut. Distinctio eos illo beatae commodi qui ullam.', 1, '2018-11-04 09:39:55', '2018-11-04 09:39:55'),
(279, 30, 'Ernie Walsh', 'In eaque aspernatur voluptatum hic ipsam fugiat temporibus dolorem. Rem qui consequatur perspiciatis porro sed nisi. Non quis asperiores dolorem.', 3, '2018-11-04 09:39:55', '2018-11-04 09:39:55'),
(280, 36, 'Jamir Turcotte', 'Ea tempora adipisci aut ea nemo. Cumque maiores quam quia impedit fugit.', 5, '2018-11-04 09:39:55', '2018-11-04 09:39:55'),
(281, 47, 'Earlene Schultz MD', 'Id dolorem quidem aut et veniam quisquam. Fuga fuga veritatis harum aut. Facilis delectus hic omnis a consequatur sequi. Eum velit reprehenderit laborum ratione voluptatem aut. Harum dolor voluptas nemo quod qui mollitia eum praesentium.', 3, '2018-11-04 09:39:55', '2018-11-04 09:39:55'),
(282, 21, 'Mr. Douglas Gislason', 'Iusto voluptas quia velit sint nulla. Ut velit autem harum tempore id ratione quis accusamus. Porro voluptatem voluptas perspiciatis corporis omnis ipsa aliquid. Quam consequatur eos est ratione.', 5, '2018-11-04 09:39:55', '2018-11-04 09:39:55'),
(283, 45, 'Destiney Haley', 'Ut enim quaerat sit quibusdam molestias. Nobis veritatis et aut fugit optio. Sapiente ullam sunt sit laudantium suscipit ad sunt suscipit.', 3, '2018-11-04 09:39:55', '2018-11-04 09:39:55'),
(284, 8, 'Bulah Gerlach', 'Corrupti quaerat similique reprehenderit laboriosam aliquid. Placeat vero debitis illo id maxime illum repellat. Asperiores est dolorum quas dolores rerum sed libero. Qui nam et debitis asperiores ut voluptates.', 1, '2018-11-04 09:39:55', '2018-11-04 09:39:55'),
(285, 19, 'Helena Cronin', 'Et quibusdam dolores esse qui explicabo. Fuga repellendus et id aliquam nesciunt nemo nisi consequatur. Cum molestiae quo adipisci odit. Libero voluptate repellat delectus et aut.', 3, '2018-11-04 09:39:55', '2018-11-04 09:39:55'),
(286, 5, 'Ms. Anastasia Hickle', 'Qui aspernatur aut quia aperiam. Illum nam rerum quos quo optio perferendis eos. Consequatur dolores velit dolorum sed totam dignissimos.', 5, '2018-11-04 09:39:55', '2018-11-04 09:39:55'),
(287, 14, 'Imogene Ebert', 'Dolores laborum illum error eos exercitationem. Quasi placeat est nisi pariatur sit. Vitae ut quibusdam aut est autem magnam.', 1, '2018-11-04 09:39:55', '2018-11-04 09:39:55'),
(288, 18, 'Nelson Jacobi', 'Quia aut et et. Neque recusandae quibusdam doloribus et laboriosam ipsam. Et cumque laboriosam atque aperiam. Ipsa quaerat necessitatibus aut quia quam.', 1, '2018-11-04 09:39:55', '2018-11-04 09:39:55'),
(289, 43, 'Lesley Walker', 'Qui quia soluta soluta natus. Cumque necessitatibus et numquam earum laudantium soluta. Placeat illum similique voluptatibus aut eaque quia sequi at. Natus neque sunt blanditiis et fugit ullam alias a.', 0, '2018-11-04 09:39:55', '2018-11-04 09:39:55'),
(290, 40, 'Prof. Sheila Abshire Sr.', 'Molestiae officiis non nobis. Est in fugiat eaque rerum enim quidem autem provident. Ut laudantium sed ea aliquam incidunt. Eaque rerum quo ducimus quam similique recusandae iure necessitatibus.', 4, '2018-11-04 09:39:55', '2018-11-04 09:39:55'),
(291, 26, 'Dr. Marielle Altenwerth', 'Corporis molestiae quia id nulla facere unde sunt. Natus et ut quidem ipsam neque consequatur sit. Iusto suscipit sed est deserunt nesciunt impedit. Velit mollitia eos fuga unde libero itaque vero. Quia quia et error unde provident autem sed voluptatem.', 1, '2018-11-04 09:39:55', '2018-11-04 09:39:55'),
(292, 44, 'Mohamed Gorczany DVM', 'Repudiandae ipsam quos consequuntur atque itaque velit et. Aut tempora id fuga doloribus quis at quo maiores. Consectetur nihil voluptatem distinctio assumenda inventore magni. Quod consequatur ab similique dicta nobis.', 4, '2018-11-04 09:39:55', '2018-11-04 09:39:55'),
(293, 40, 'Prof. Zackery Schaden III', 'Sit et facere quae blanditiis rerum consequatur ipsam. Autem quibusdam alias earum ut libero. Voluptas dolor reiciendis aliquid officia sunt.', 0, '2018-11-04 09:39:55', '2018-11-04 09:39:55'),
(294, 33, 'Crystel Kling PhD', 'Consequatur aut nemo est autem atque nihil. Et voluptas rerum eos aperiam. Consequatur est et non asperiores. Deleniti quam velit vel sit.', 4, '2018-11-04 09:39:55', '2018-11-04 09:39:55'),
(295, 50, 'Miss Maurine Fisher IV', 'Saepe sapiente numquam quia cum consequatur. Tempora cumque sit rerum qui odit sit qui. Fugit numquam laudantium libero impedit.', 4, '2018-11-04 09:39:55', '2018-11-04 09:39:55'),
(296, 45, 'Kurtis Stroman', 'Saepe earum qui quam ut. Optio similique dicta vitae.', 4, '2018-11-04 09:39:55', '2018-11-04 09:39:55'),
(297, 39, 'Prof. Diamond Marvin', 'Exercitationem nihil eligendi asperiores velit id quo. Illo deserunt quia quia.', 2, '2018-11-04 09:39:55', '2018-11-04 09:39:55'),
(298, 14, 'Miss Maiya Bahringer II', 'Eaque ipsam molestiae excepturi est et. Enim esse nam voluptatem dolorem. Quis ut placeat pariatur libero cumque. Quia facilis delectus voluptas quaerat.', 4, '2018-11-04 09:39:55', '2018-11-04 09:39:55'),
(299, 22, 'Fleta Koss V', 'Autem repudiandae omnis facilis ratione eum et porro. Est quis eligendi et autem. Aliquid consequatur fugit libero excepturi.', 5, '2018-11-04 09:39:55', '2018-11-04 09:39:55'),
(300, 7, 'Maybelle Jacobs', 'Aspernatur eos consequuntur labore eaque neque ducimus. Vero autem consequatur officiis dolor nesciunt quisquam cupiditate. Ut eaque amet ea.', 5, '2018-11-04 09:39:55', '2018-11-04 09:39:55');

-- --------------------------------------------------------

--
-- Table structure for table `users`
--

CREATE TABLE `users` (
  `id` int(10) UNSIGNED NOT NULL,
  `name` varchar(191) COLLATE utf8mb4_unicode_ci NOT NULL,
  `email` varchar(191) COLLATE utf8mb4_unicode_ci NOT NULL,
  `email_verified_at` timestamp NULL DEFAULT NULL,
  `password` varchar(191) COLLATE utf8mb4_unicode_ci NOT NULL,
  `remember_token` varchar(100) COLLATE utf8mb4_unicode_ci DEFAULT NULL,
  `created_at` timestamp NULL DEFAULT NULL,
  `updated_at` timestamp NULL DEFAULT NULL
) ENGINE=InnoDB DEFAULT CHARSET=utf8mb4 COLLATE=utf8mb4_unicode_ci;

--
-- Indexes for dumped tables
--

--
-- Indexes for table `migrations`
--
ALTER TABLE `migrations`
  ADD PRIMARY KEY (`id`);

--
-- Indexes for table `password_resets`
--
ALTER TABLE `password_resets`
  ADD KEY `password_resets_email_index` (`email`);

--
-- Indexes for table `products`
--
ALTER TABLE `products`
  ADD PRIMARY KEY (`id`);

--
-- Indexes for table `reviews`
--
ALTER TABLE `reviews`
  ADD PRIMARY KEY (`id`),
  ADD KEY `reviews_product_id_index` (`product_id`);

--
-- Indexes for table `users`
--
ALTER TABLE `users`
  ADD PRIMARY KEY (`id`),
  ADD UNIQUE KEY `users_email_unique` (`email`);

--
-- AUTO_INCREMENT for dumped tables
--

--
-- AUTO_INCREMENT for table `migrations`
--
ALTER TABLE `migrations`
  MODIFY `id` int(10) UNSIGNED NOT NULL AUTO_INCREMENT, AUTO_INCREMENT=5;

--
-- AUTO_INCREMENT for table `products`
--
ALTER TABLE `products`
  MODIFY `id` int(10) UNSIGNED NOT NULL AUTO_INCREMENT, AUTO_INCREMENT=51;

--
-- AUTO_INCREMENT for table `reviews`
--
ALTER TABLE `reviews`
  MODIFY `id` int(10) UNSIGNED NOT NULL AUTO_INCREMENT, AUTO_INCREMENT=301;

--
-- AUTO_INCREMENT for table `users`
--
ALTER TABLE `users`
  MODIFY `id` int(10) UNSIGNED NOT NULL AUTO_INCREMENT;

--
-- Constraints for dumped tables
--

--
-- Constraints for table `reviews`
--
ALTER TABLE `reviews`
  ADD CONSTRAINT `reviews_product_id_foreign` FOREIGN KEY (`product_id`) REFERENCES `products` (`id`) ON DELETE CASCADE;
COMMIT;

/*!40101 SET CHARACTER_SET_CLIENT=@OLD_CHARACTER_SET_CLIENT */;
/*!40101 SET CHARACTER_SET_RESULTS=@OLD_CHARACTER_SET_RESULTS */;
/*!40101 SET COLLATION_CONNECTION=@OLD_COLLATION_CONNECTION */;
